INSERT INTO Pacientes (nombre, apellido, id, correo, metodosDePago, residencia) VALUES ('Carlos', 'Perez', 1, 'c.perez@ex.com', 'Tarjeta', 'Madrid');
INSERT INTO Pacientes (nombre, apellido, id, correo, metodosDePago, residencia) VALUES ('Ana', 'Gomez', 2, 'a.gomez@ex.com', 'Transf', 'Barcelona');
INSERT INTO Pacientes (nombre, apellido, id, correo, metodosDePago, residencia) VALUES ('Luis', 'Martinez', 3, 'l.martinez@ex.com', 'Efectivo', 'Valencia');
INSERT INTO Pacientes (nombre, apellido, id, correo, metodosDePago, residencia) VALUES ('Sofia', 'Lopez', 4, 's.lopez@ex.com', 'Tarjeta', 'Sevilla');
INSERT INTO Pacientes (nombre, apellido, id, correo, metodosDePago, residencia) VALUES ('Miguel', 'Rodriguez', 5, 'm.rodriguez@ex.com', 'Efectivo', 'Bilbao');
INSERT INTO Pacientes (nombre, apellido, id, correo, metodosDePago, residencia) VALUES ('Raquel', 'Fernandez', 6, 'r.fernandez@ex.com', 'Transf', 'Malaga');
INSERT INTO Pacientes (nombre, apellido, id, correo, metodosDePago, residencia) VALUES ('Lucia', 'Diaz', 7, 'l.diaz@ex.com', 'Tarjeta', 'Zaragoza');
INSERT INTO Pacientes (nombre, apellido, id, correo, metodosDePago, residencia) VALUES ('Jorge', 'Vega', 8, 'j.vega@ex.com', 'Efectivo', 'Alicante');
INSERT INTO Pacientes (nombre, apellido, id, correo, metodosDePago, residencia) VALUES ('Paula', 'Santos', 9, 'p.santos@ex.com', 'Transf', 'Toledo');
INSERT INTO Pacientes (nombre, apellido, id, correo, metodosDePago, residencia) VALUES ('Diego', 'Castro', 10, 'd.castro@ex.com', 'Tarjeta', 'Murcia');
INSERT INTO Pacientes (nombre, apellido, id, correo, metodosDePago, residencia) VALUES ('Elena', 'Rubio', 11, 'e.rubio@ex.com', 'Efectivo', 'Valladolid');
INSERT INTO Pacientes (nombre, apellido, id, correo, metodosDePago, residencia) VALUES ('Pablo', 'Mendez', 12, 'p.mendez@ex.com', 'Transf', 'Cordoba');
INSERT INTO Pacientes (nombre, apellido, id, correo, metodosDePago, residencia) VALUES ('Carla', 'Jimenez', 13, 'c.jimenez@ex.com', 'Tarjeta', 'Granada');
INSERT INTO Pacientes (nombre, apellido, id, correo, metodosDePago, residencia) VALUES ('Oscar', 'Herrera', 14, 'o.herrera@ex.com', 'Efectivo', 'Leon');
INSERT INTO Pacientes (nombre, apellido, id, correo, metodosDePago, residencia) VALUES ('Maria', 'Navarro', 15, 'm.navarro@ex.com', 'Transf', 'Burgos');
INSERT INTO Pacientes (nombre, apellido, id, correo, metodosDePago, residencia) VALUES ('Daniel', 'Ortega', 16, 'd.ortega@ex.com', 'Tarjeta', 'Salamanca');
INSERT INTO Pacientes (nombre, apellido, id, correo, metodosDePago, residencia) VALUES ('Andrea', 'Mora', 17, 'a.mora@ex.com', 'Efectivo', 'Almeria');
INSERT INTO Pacientes (nombre, apellido, id, correo, metodosDePago, residencia) VALUES ('Ruben', 'Lozano', 18, 'r.lozano@ex.com', 'Transf', 'Lugo');
INSERT INTO Pacientes (nombre, apellido, id, correo, metodosDePago, residencia) VALUES ('Clara', 'Vargas', 19, 'c.vargas@ex.com', 'Tarjeta', 'Oviedo');
INSERT INTO Pacientes (nombre, apellido, id, correo, metodosDePago, residencia) VALUES ('Adrian', 'Iglesias', 20, 'a.iglesias@ex.com', 'Efectivo', 'Santander');
INSERT INTO Pacientes (nombre, apellido, id, correo, metodosDePago, residencia) VALUES ('Monica', 'Pineda', 21, 'm.pineda@ex.com', 'Transf', 'Vitoria');
INSERT INTO Pacientes (nombre, apellido, id, correo, metodosDePago, residencia) VALUES ('Jose', 'Romero', 22, 'j.romero@ex.com', 'Tarjeta', 'Pamplona');
INSERT INTO Pacientes (nombre, apellido, id, correo, metodosDePago, residencia) VALUES ('Veronica', 'Silva', 23, 'v.silva@ex.com', 'Efectivo', 'Girona');
INSERT INTO Pacientes (nombre, apellido, id, correo, metodosDePago, residencia) VALUES ('Alberto', 'Campos', 24, 'a.campos@ex.com', 'Transf', 'Huesca');
INSERT INTO Pacientes (nombre, apellido, id, correo, metodosDePago, residencia) VALUES ('Ines', 'Villar', 25, 'i.villar@ex.com', 'Tarjeta', 'Lerida');
INSERT INTO Pacientes (nombre, apellido, id, correo, metodosDePago, residencia) VALUES ('Manuel', 'Parra', 26, 'm.parra@ex.com', 'Efectivo', 'LaCoruna');
INSERT INTO Pacientes (nombre, apellido, id, correo, metodosDePago, residencia) VALUES ('Carmen', 'Franco', 27, 'c.franco@ex.com', 'Transf', 'Guadalajara');
INSERT INTO Pacientes (nombre, apellido, id, correo, metodosDePago, residencia) VALUES ('Luis', 'Sierra', 28, 'l.sierra@ex.com', 'Tarjeta', 'Cuenca');
INSERT INTO Pacientes (nombre, apellido, id, correo, metodosDePago, residencia) VALUES ('Sonia', 'Galvez', 29, 's.galvez@ex.com', 'Efectivo', 'Logroño');
INSERT INTO Pacientes (nombre, apellido, id, correo, metodosDePago, residencia) VALUES ('Ivan', 'Escobar', 30, 'i.escobar@ex.com', 'Transf', 'Jaen');
INSERT INTO Pacientes (nombre, apellido, id, correo, metodosDePago, residencia) VALUES ('Eva', 'Rios', 31, 'e.rios@ex.com', 'Tarjeta', 'Palencia');
INSERT INTO Pacientes (nombre, apellido, id, correo, metodosDePago, residencia) VALUES ('Raul', 'Castillo', 32, 'r.castillo@ex.com', 'Efectivo', 'Ourense');
INSERT INTO Pacientes (nombre, apellido, id, correo, metodosDePago, residencia) VALUES ('Isabel', 'Guerra', 33, 'i.guerra@ex.com', 'Transf', 'Teruel');
INSERT INTO Pacientes (nombre, apellido, id, correo, metodosDePago, residencia) VALUES ('Sergio', 'Peña', 34, 's.pena@ex.com', 'Tarjeta', 'Ceuta');
INSERT INTO Pacientes (nombre, apellido, id, correo, metodosDePago, residencia) VALUES ('Nuria', 'Fuentes', 35, 'n.fuentes@ex.com', 'Efectivo', 'Melilla');
INSERT INTO Pacientes (nombre, apellido, id, correo, metodosDePago, residencia) VALUES ('Emilio', 'Soler', 36, 'e.soler@ex.com', 'Transf', 'Madrid');
INSERT INTO Pacientes (nombre, apellido, id, correo, metodosDePago, residencia) VALUES ('Silvia', 'Molina', 37, 's.molina@ex.com', 'Tarjeta', 'Sevilla');
INSERT INTO Pacientes (nombre, apellido, id, correo, metodosDePago, residencia) VALUES ('Victor', 'Cano', 38, 'v.cano@ex.com', 'Efectivo', 'Bilbao');
INSERT INTO Pacientes (nombre, apellido, id, correo, metodosDePago, residencia) VALUES ('Lorena', 'Marin', 39, 'l.marin@ex.com', 'Transf', 'Barcelona');
INSERT INTO Pacientes (nombre, apellido, id, correo, metodosDePago, residencia) VALUES ('Pedro', 'Reyes', 40, 'p.reyes@ex.com', 'Tarjeta', 'Valencia');
INSERT INTO Pacientes (nombre, apellido, id, correo, metodosDePago, residencia) VALUES ('Angela', 'Gimenez', 41, 'a.gimenez@ex.com', 'Efectivo', 'Alicante');
INSERT INTO Pacientes (nombre, apellido, id, correo, metodosDePago, residencia) VALUES ('Javier', 'Santana', 42, 'j.santana@ex.com', 'Transf', 'Toledo');
INSERT INTO Pacientes (nombre, apellido, id, correo, metodosDePago, residencia) VALUES ('Patricia', 'Lorenzo', 43, 'p.lorenzo@ex.com', 'Tarjeta', 'Murcia');
INSERT INTO Pacientes (nombre, apellido, id, correo, metodosDePago, residencia) VALUES ('Antonio', 'Espinoza', 44, 'a.espinoza@ex.com', 'Efectivo', 'Valladolid');
INSERT INTO Pacientes (nombre, apellido, id, correo, metodosDePago, residencia) VALUES ('Sara', 'Campos', 45, 's.campos@ex.com', 'Transf', 'Cordoba');
INSERT INTO Pacientes (nombre, apellido, id, correo, metodosDePago, residencia) VALUES ('Mario', 'Escudero', 46, 'm.escudero@ex.com', 'Tarjeta', 'Granada');
INSERT INTO Pacientes (nombre, apellido, id, correo, metodosDePago, residencia) VALUES ('Beatriz', 'Suarez', 47, 'b.suarez@ex.com', 'Efectivo', 'Leon');
INSERT INTO Pacientes (nombre, apellido, id, correo, metodosDePago, residencia) VALUES ('Felipe', 'Medina', 48, 'f.medina@ex.com', 'Transf', 'Burgos');
INSERT INTO Pacientes (nombre, apellido, id, correo, metodosDePago, residencia) VALUES ('Rocio', 'Aguilar', 49, 'r.aguilar@ex.com', 'Tarjeta', 'Salamanca');
INSERT INTO Pacientes (nombre, apellido, id, correo, metodosDePago, residencia) VALUES ('Esteban', 'Valero', 50, 'e.valero@ex.com', 'Efectivo', 'Almeria');


INSERT INTO Medicamentos (nombre, id, unidades) VALUES ('Ibuprofeno', 1, 50);
INSERT INTO Medicamentos (nombre, id, unidades) VALUES ('Paracetamol', 2, 30);
INSERT INTO Medicamentos (nombre, id, unidades) VALUES ('Amoxicilina', 3, 20);
INSERT INTO Medicamentos (nombre, id, unidades) VALUES ('Aspirina', 4, 60);
INSERT INTO Medicamentos (nombre, id, unidades) VALUES ('Omeprazol', 5, 25);
INSERT INTO Medicamentos (nombre, id, unidades) VALUES ('Metformina', 6, 40);
INSERT INTO Medicamentos (nombre, id, unidades) VALUES ('Loratadina', 7, 35);
INSERT INTO Medicamentos (nombre, id, unidades) VALUES ('Atorvastatina', 8, 50);
INSERT INTO Medicamentos (nombre, id, unidades) VALUES ('Metoclopramida', 9, 45);
INSERT INTO Medicamentos (nombre, id, unidades) VALUES ('Enalapril', 10, 30);
INSERT INTO Medicamentos (nombre, id, unidades) VALUES ('Captopril', 11, 55);
INSERT INTO Medicamentos (nombre, id, unidades) VALUES ('Furosemida', 12, 40);
INSERT INTO Medicamentos (nombre, id, unidades) VALUES ('Clonazepam', 13, 20);
INSERT INTO Medicamentos (nombre, id, unidades) VALUES ('Diazepam', 14, 50);
INSERT INTO Medicamentos (nombre, id, unidades) VALUES ('Levotiroxina', 15, 30);
INSERT INTO Medicamentos (nombre, id, unidades) VALUES ('Amlodipino', 16, 25);
INSERT INTO Medicamentos (nombre, id, unidades) VALUES ('Simvastatina', 17, 60);
INSERT INTO Medicamentos (nombre, id, unidades) VALUES ('Losartan', 18, 40);
INSERT INTO Medicamentos (nombre, id, unidades) VALUES ('Diclofenaco', 19, 45);
INSERT INTO Medicamentos (nombre, id, unidades) VALUES ('Ranitidina', 20, 50);
INSERT INTO Medicamentos (nombre, id, unidades) VALUES ('Salbutamol', 21, 30);
INSERT INTO Medicamentos (nombre, id, unidades) VALUES ('Prednisona', 22, 35);
INSERT INTO Medicamentos (nombre, id, unidades) VALUES ('Ibuprofeno Gel', 23, 20);
INSERT INTO Medicamentos (nombre, id, unidades) VALUES ('Cefalexina', 24, 55);
INSERT INTO Medicamentos (nombre, id, unidades) VALUES ('Acetaminofen', 25, 65);
INSERT INTO Medicamentos (nombre, id, unidades) VALUES ('Azitromicina', 26, 70);
INSERT INTO Medicamentos (nombre, id, unidades) VALUES ('Claritromicina', 27, 45);
INSERT INTO Medicamentos (nombre, id, unidades) VALUES ('Sulfametoxazol', 28, 40);
INSERT INTO Medicamentos (nombre, id, unidades) VALUES ('Trimetoprim', 29, 35);
INSERT INTO Medicamentos (nombre, id, unidades) VALUES ('Amoxiclav', 30, 25);
INSERT INTO Medicamentos (nombre, id, unidades) VALUES ('Betametasona', 31, 30);
INSERT INTO Medicamentos (nombre, id, unidades) VALUES ('Morfina', 32, 15);
INSERT INTO Medicamentos (nombre, id, unidades) VALUES ('Codeina', 33, 10);
INSERT INTO Medicamentos (nombre, id, unidades) VALUES ('Hidrocortisona', 34, 40);
INSERT INTO Medicamentos (nombre, id, unidades) VALUES ('Naproxeno', 35, 20);
INSERT INTO Medicamentos (nombre, id, unidades) VALUES ('Dexametasona', 36, 25);
INSERT INTO Medicamentos (nombre, id, unidades) VALUES ('Ketorolaco', 37, 50);
INSERT INTO Medicamentos (nombre, id, unidades) VALUES ('Lidocaina', 38, 30);
INSERT INTO Medicamentos (nombre, id, unidades) VALUES ('Adrenalina', 39, 15);
INSERT INTO Medicamentos (nombre, id, unidades) VALUES ('Fluconazol', 40, 40);
INSERT INTO Medicamentos (nombre, id, unidades) VALUES ('Fenitoina', 41, 35);
INSERT INTO Medicamentos (nombre, id, unidades) VALUES ('Gabapentina', 42, 30);
INSERT INTO Medicamentos (nombre, id, unidades) VALUES ('Levofloxacina', 43, 50);
INSERT INTO Medicamentos (nombre, id, unidades) VALUES ('Clindamicina', 44, 25);
INSERT INTO Medicamentos (nombre, id, unidades) VALUES ('Tetraciclina', 45, 55);
INSERT INTO Medicamentos (nombre, id, unidades) VALUES ('Vancomicina', 46, 20);
INSERT INTO Medicamentos (nombre, id, unidades) VALUES ('Insulina', 47, 15);
INSERT INTO Medicamentos (nombre, id, unidades) VALUES ('Propofol', 48, 5);
INSERT INTO Medicamentos (nombre, id, unidades) VALUES ('Baclofeno', 49, 10);
INSERT INTO Medicamentos (nombre, id, unidades) VALUES ('Risperidona', 50, 25);


INSERT INTO Entidades (nombre, correo) VALUES ('HospCentral', 'contac@hospcentral.com');
INSERT INTO Entidades (nombre, correo) VALUES ('ClinNorte', 'contac@clinnorte.com');
INSERT INTO Entidades (nombre, correo) VALUES ('HospSur', 'contac@hospsur.com');
INSERT INTO Entidades (nombre, correo) VALUES ('ClinEste', 'contacto@clineste.com');
INSERT INTO Entidades (nombre, correo) VALUES ('HospOeste', 'contacto@hospoeste.com');
INSERT INTO Entidades (nombre, correo) VALUES ('ClinCentro', 'contacto@clincentro.com');
INSERT INTO Entidades (nombre, correo) VALUES ('HospNorte', 'contacto@hospnorte.com');
INSERT INTO Entidades (nombre, correo) VALUES ('SaludSur', 'contacto@saludsur.com');
INSERT INTO Entidades (nombre, correo) VALUES ('ClinSaludEste', 'cntacto@clineste.com');
INSERT INTO Entidades (nombre, correo) VALUES ('HospSanLuis', 'contacto@hospitalsl.com');
INSERT INTO Entidades (nombre, correo) VALUES ('MedicoMadrid', 'contacto@medicomad.com');
INSERT INTO Entidades (nombre, correo) VALUES ('ClinSanJose', 'contacto@clinsanjose.com');
INSERT INTO Entidades (nombre, correo) VALUES ('HospDelMar', 'contacto@hospitalmar.com');
INSERT INTO Entidades (nombre, correo) VALUES ('ClinLasFlores', 'contacto@floresclinic.com');
INSERT INTO Entidades (nombre, correo) VALUES ('SaludOeste', 'contacto@saludoeste.com');
INSERT INTO Entidades (nombre, correo) VALUES ('HospSanPedro', 'contacto@sanpedrohosp.com');
INSERT INTO Entidades (nombre, correo) VALUES ('ClinLaLuz', 'contacto@laluzclinic.com');
INSERT INTO Entidades (nombre, correo) VALUES ('MedicoBarcelona', 'contacto@medicobcn.com');
INSERT INTO Entidades (nombre, correo) VALUES ('ClinSanMartin', 'contacto@sanmartin.com');
INSERT INTO Entidades (nombre, correo) VALUES ('HospVirLaLuz', 'contacto@virluz.com');
INSERT INTO Entidades (nombre, correo) VALUES ('ClinSantaAna', 'contacto@santana.com');
INSERT INTO Entidades (nombre, correo) VALUES ('SaludCentro', 'contacto@saludcentro.com');
INSERT INTO Entidades (nombre, correo) VALUES ('HospSanRafael', 'contacto@sanrafael.com');
INSERT INTO Entidades (nombre, correo) VALUES ('ClinDelNorte', 'contacto@delnorte.com');
INSERT INTO Entidades (nombre, correo) VALUES ('MedicoSevilla', 'contacto@medsevilla.com');
INSERT INTO Entidades (nombre, correo) VALUES ('ClinSanAndres', 'contacto@sanandres.com');
INSERT INTO Entidades (nombre, correo) VALUES ('HospSanMiguel', 'contacto@sanmiguel.com');
INSERT INTO Entidades (nombre, correo) VALUES ('ClinRio', 'contacto@clinicario.com');
INSERT INTO Entidades (nombre, correo) VALUES ('MedicoValencia', 'contacto@medvalencia.com');
INSERT INTO Entidades (nombre, correo) VALUES ('ClinSanJuan', 'contacto@sanjuan.com');
INSERT INTO Entidades (nombre, correo) VALUES ('HospSanFernando', 'contacto@sanfernando.com');
INSERT INTO Entidades (nombre, correo) VALUES ('ClinDelSol', 'contacto@delsol.com');
INSERT INTO Entidades (nombre, correo) VALUES ('MedicoGranada', 'contacto@medgranada.com');
INSERT INTO Entidades (nombre, correo) VALUES ('ClinSanAntonio', 'contacto@sanantonio.com');
INSERT INTO Entidades (nombre, correo) VALUES ('HospSanMarcos', 'contacto@sanmarcos.com');
INSERT INTO Entidades (nombre, correo) VALUES ('ClinVerde', 'contacto@verde.com');
INSERT INTO Entidades (nombre, correo) VALUES ('SaludLevante', 'contacto@saludlevante.com');
INSERT INTO Entidades (nombre, correo) VALUES ('HospSanJavier', 'contacto@sanjavier.com');
INSERT INTO Entidades (nombre, correo) VALUES ('ClinSantaIsabel', 'contacto@santaisabel.com');
INSERT INTO Entidades (nombre, correo) VALUES ('MedicoMalaga', 'contacto@medmalaga.com');
INSERT INTO Entidades (nombre, correo) VALUES ('ClinSanCarlos', 'contacto@sancarlos.com');
INSERT INTO Entidades (nombre, correo) VALUES ('HospSantaMaria', 'contacto@santamaria.com');
INSERT INTO Entidades (nombre, correo) VALUES ('ClinSanVicente', 'contacto@sanvicente.com');
INSERT INTO Entidades (nombre, correo) VALUES ('MedicoAlicante', 'contacto@medalicante.com');
INSERT INTO Entidades (nombre, correo) VALUES ('ClinSanLucas', 'contacto@sanlucas.com');
INSERT INTO Entidades (nombre, correo) VALUES ('HospSanIgnacio', 'contacto@sanignacio.com');
INSERT INTO Entidades (nombre, correo) VALUES ('ClinSanPablo', 'contacto@sanpablo.com');
INSERT INTO Entidades (nombre, correo) VALUES ('SaludPlaya', 'contacto@playasalud.com');
INSERT INTO Entidades (nombre, correo) VALUES ('HospSantaClara', 'contacto@santaclara.com');

INSERT INTO HistoriasClinicas (historia_id, paciente_id, nombre_entidad, fechaConsulta, motivoConsulta, diagnostico, tratamiento, fecha) VALUES (1, 1, 'HospCentral', TO_DATE('2023-01-10', 'YYYY-MM-DD'), 'Dolor abdom', 'Gastritis', 'Med A', TO_DATE('2023-01-10', 'YYYY-MM-DD'));
INSERT INTO HistoriasClinicas (historia_id, paciente_id, nombre_entidad, fechaConsulta, motivoConsulta, diagnostico, tratamiento, fecha) VALUES (2, 2, 'ClinNorte', TO_DATE('2023-02-15', 'YYYY-MM-DD'), 'Migraña', 'Cefalea tens', 'Reposo y analg', TO_DATE('2023-02-15', 'YYYY-MM-DD'));
INSERT INTO HistoriasClinicas (historia_id, paciente_id, nombre_entidad, fechaConsulta, motivoConsulta, diagnostico, tratamiento, fecha) VALUES (3, 3, 'HospSur', TO_DATE('2023-03-20', 'YYYY-MM-DD'), 'Fiebre', 'Infec viral', 'Antivirales', TO_DATE('2023-03-20', 'YYYY-MM-DD'));
INSERT INTO HistoriasClinicas (historia_id, paciente_id, nombre_entidad, fechaConsulta, motivoConsulta, diagnostico, tratamiento, fecha) VALUES (4, 4, 'HospCentral', TO_DATE('2023-04-10', 'YYYY-MM-DD'), 'Dolor estom', 'Gastritis leve', 'Antiacidos', TO_DATE('2023-04-10', 'YYYY-MM-DD'));
INSERT INTO HistoriasClinicas (historia_id, paciente_id, nombre_entidad, fechaConsulta, motivoConsulta, diagnostico, tratamiento, fecha) VALUES (5, 5, 'ClinNorte', TO_DATE('2023-04-15', 'YYYY-MM-DD'), 'Tos persist', 'Bronquitis', 'Antibióticos', TO_DATE('2023-04-15', 'YYYY-MM-DD'));
INSERT INTO HistoriasClinicas (historia_id, paciente_id, nombre_entidad, fechaConsulta, motivoConsulta, diagnostico, tratamiento, fecha) VALUES (6, 6, 'HospSur', TO_DATE('2023-05-01', 'YYYY-MM-DD'), 'Fiebre alta', 'Infec viral', 'Reposo y líq', TO_DATE('2023-05-01', 'YYYY-MM-DD'));
INSERT INTO HistoriasClinicas (historia_id, paciente_id, nombre_entidad, fechaConsulta, motivoConsulta, diagnostico, tratamiento, fecha) VALUES (7, 7, 'ClinEste', TO_DATE('2023-05-20', 'YYYY-MM-DD'), 'Cansancio', 'Anemia', 'Supl hierro', TO_DATE('2023-05-20', 'YYYY-MM-DD'));
INSERT INTO HistoriasClinicas (historia_id, paciente_id, nombre_entidad, fechaConsulta, motivoConsulta, diagnostico, tratamiento, fecha) VALUES (8, 8, 'HospOeste', TO_DATE('2023-06-10', 'YYYY-MM-DD'), 'Dolor lumbar', 'Lumbalgia', 'Fisioterapia', TO_DATE('2023-06-10', 'YYYY-MM-DD'));
INSERT INTO HistoriasClinicas (historia_id, paciente_id, nombre_entidad, fechaConsulta, motivoConsulta, diagnostico, tratamiento, fecha) VALUES (9, 9, 'ClinCentro', TO_DATE('2023-06-25', 'YYYY-MM-DD'), 'Dolor cabeza', 'Migraña', 'Analgesicos', TO_DATE('2023-06-25', 'YYYY-MM-DD'));
INSERT INTO HistoriasClinicas (historia_id, paciente_id, nombre_entidad, fechaConsulta, motivoConsulta, diagnostico, tratamiento, fecha) VALUES (10, 10, 'HospNorte', TO_DATE('2023-07-05', 'YYYY-MM-DD'), 'Prob diges', 'Intol lact', 'Dieta sin lact', TO_DATE('2023-07-05', 'YYYY-MM-DD'));
INSERT INTO HistoriasClinicas (historia_id, paciente_id, nombre_entidad, fechaConsulta, motivoConsulta, diagnostico, tratamiento, fecha) VALUES (11, 11, 'SaludSur', TO_DATE('2023-07-15', 'YYYY-MM-DD'), 'Mareos', 'Hipotensión', 'Hidratación', TO_DATE('2023-07-15', 'YYYY-MM-DD'));
INSERT INTO HistoriasClinicas (historia_id, paciente_id, nombre_entidad, fechaConsulta, motivoConsulta, diagnostico, tratamiento, fecha) VALUES (12, 12, 'ClinSaludEste', TO_DATE('2023-08-01', 'YYYY-MM-DD'), 'Dif respira', 'Asma', 'Inhaladores', TO_DATE('2023-08-01', 'YYYY-MM-DD'));
INSERT INTO HistoriasClinicas (historia_id, paciente_id, nombre_entidad, fechaConsulta, motivoConsulta, diagnostico, tratamiento, fecha) VALUES (13, 13, 'HospSanLuis', TO_DATE('2023-08-15', 'YYYY-MM-DD'), 'Infl articu', 'Artritis', 'Antiinflam', TO_DATE('2023-08-15', 'YYYY-MM-DD'));
INSERT INTO HistoriasClinicas (historia_id, paciente_id, nombre_entidad, fechaConsulta, motivoConsulta, diagnostico, tratamiento, fecha) VALUES (14, 14, 'MedicoMadrid', TO_DATE('2023-08-30', 'YYYY-MM-DD'), 'Dolor abdom', 'Gastritis', 'Medicamento A', TO_DATE('2023-08-30', 'YYYY-MM-DD'));
INSERT INTO HistoriasClinicas (historia_id, paciente_id, nombre_entidad, fechaConsulta, motivoConsulta, diagnostico, tratamiento, fecha) VALUES (15, 15, 'ClinSanJose', TO_DATE('2023-09-10', 'YYYY-MM-DD'), 'Prob visión', 'Miopía', 'Lentes correct', TO_DATE('2023-09-10', 'YYYY-MM-DD'));
INSERT INTO HistoriasClinicas (historia_id, paciente_id, nombre_entidad, fechaConsulta, motivoConsulta, diagnostico, tratamiento, fecha) VALUES (16, 16, 'HospDelMar', TO_DATE('2023-09-25', 'YYYY-MM-DD'), 'Dolor pecho', 'Angina', 'Reposo y ctrl', TO_DATE('2023-09-25', 'YYYY-MM-DD'));
INSERT INTO HistoriasClinicas (historia_id, paciente_id, nombre_entidad, fechaConsulta, motivoConsulta, diagnostico, tratamiento, fecha) VALUES (17, 17, 'ClinLasFlores', TO_DATE('2023-10-05', 'YYYY-MM-DD'), 'Caída cabello', 'Alopecia', 'Minoxidil', TO_DATE('2023-10-05', 'YYYY-MM-DD'));
INSERT INTO HistoriasClinicas (historia_id, paciente_id, nombre_entidad, fechaConsulta, motivoConsulta, diagnostico, tratamiento, fecha) VALUES (18, 18, 'SaludOeste', TO_DATE('2023-10-20', 'YYYY-MM-DD'), 'Erup cután', 'Dermatitis', 'Cremas tópicas', TO_DATE('2023-10-20', 'YYYY-MM-DD'));
INSERT INTO HistoriasClinicas (historia_id, paciente_id, nombre_entidad, fechaConsulta, motivoConsulta, diagnostico, tratamiento, fecha) VALUES (19, 19, 'HospSanPedro', TO_DATE('2023-11-01', 'YYYY-MM-DD'), 'Dolor musc', 'Desgarro musc', 'Reposo y analg', TO_DATE('2023-11-01', 'YYYY-MM-DD'));
INSERT INTO HistoriasClinicas (historia_id, paciente_id, nombre_entidad, fechaConsulta, motivoConsulta, diagnostico, tratamiento, fecha) VALUES (20, 20, 'ClinLaLuz', TO_DATE('2023-11-15', 'YYYY-MM-DD'), 'Prob memoria', 'Estrés', 'Terapia psico', TO_DATE('2023-11-15', 'YYYY-MM-DD'));
INSERT INTO HistoriasClinicas (historia_id, paciente_id, nombre_entidad, fechaConsulta, motivoConsulta, diagnostico, tratamiento, fecha) VALUES (21, 21, 'MedicoBarcelona', TO_DATE('2023-12-01', 'YYYY-MM-DD'), 'Falta apetito', 'Anemia leve', 'Vitaminas y supl', TO_DATE('2023-12-01', 'YYYY-MM-DD'));
INSERT INTO HistoriasClinicas (historia_id, paciente_id, nombre_entidad, fechaConsulta, motivoConsulta, diagnostico, tratamiento, fecha) VALUES (22, 22, 'ClinSanMartin', TO_DATE('2023-12-10', 'YYYY-MM-DD'), 'Insomnio', 'Estrés', 'Terapia cogni', TO_DATE('2023-12-10', 'YYYY-MM-DD'));
INSERT INTO HistoriasClinicas (historia_id, paciente_id, nombre_entidad, fechaConsulta, motivoConsulta, diagnostico, tratamiento, fecha) VALUES (23, 23, 'HospVirLaLuz', TO_DATE('2024-01-05', 'YYYY-MM-DD'), 'Fatiga', 'Fatiga crónica', 'Ejercicio ctrl', TO_DATE('2024-01-05', 'YYYY-MM-DD'));
INSERT INTO HistoriasClinicas (historia_id, paciente_id, nombre_entidad, fechaConsulta, motivoConsulta, diagnostico, tratamiento, fecha) VALUES (24, 24, 'ClinSantaAna', TO_DATE('2024-01-20', 'YYYY-MM-DD'), 'Dolor rodilla', 'Artrosis', 'Fisio y ejerc', TO_DATE('2024-01-20', 'YYYY-MM-DD'));
INSERT INTO HistoriasClinicas (historia_id, paciente_id, nombre_entidad, fechaConsulta, motivoConsulta, diagnostico, tratamiento, fecha) VALUES (25, 25, 'SaludCentro', TO_DATE('2024-02-01', 'YYYY-MM-DD'), 'Dif para dormir', 'Insomnio', 'Melatonina', TO_DATE('2024-02-01', 'YYYY-MM-DD'));
INSERT INTO HistoriasClinicas (historia_id, paciente_id, nombre_entidad, fechaConsulta, motivoConsulta, diagnostico, tratamiento, fecha) VALUES (26, 26, 'HospSanRafael', TO_DATE('2024-02-15', 'YYYY-MM-DD'), 'Aumento peso', 'Hipotiroidismo', 'Levotiroxina', TO_DATE('2024-02-15', 'YYYY-MM-DD'));
INSERT INTO HistoriasClinicas (historia_id, paciente_id, nombre_entidad, fechaConsulta, motivoConsulta, diagnostico, tratamiento, fecha) VALUES (27, 27, 'ClinDelNorte', TO_DATE('2024-02-25', 'YYYY-MM-DD'), 'Prob respir', 'Asma leve', 'Inhalador', TO_DATE('2024-02-25', 'YYYY-MM-DD'));
INSERT INTO HistoriasClinicas (historia_id, paciente_id, nombre_entidad, fechaConsulta, motivoConsulta, diagnostico, tratamiento, fecha) VALUES (28, 28, 'MedicoSevilla', TO_DATE('2024-03-01', 'YYYY-MM-DD'), 'Dolor articular', 'Artritis reumat', 'Antiinflam', TO_DATE('2024-03-01', 'YYYY-MM-DD'));
INSERT INTO HistoriasClinicas (historia_id, paciente_id, nombre_entidad, fechaConsulta, motivoConsulta, diagnostico, tratamiento, fecha) VALUES (29, 29, 'ClinSanAndres', TO_DATE('2024-03-15', 'YYYY-MM-DD'), 'Erup piel', 'Dermatitis', 'Cremas tópicas', TO_DATE('2024-03-15', 'YYYY-MM-DD'));
INSERT INTO HistoriasClinicas (historia_id, paciente_id, nombre_entidad, fechaConsulta, motivoConsulta, diagnostico, tratamiento, fecha) VALUES (30, 30, 'HospSanMiguel', TO_DATE('2024-03-25', 'YYYY-MM-DD'), 'Dolor garg', 'Faringitis', 'Antibióticos', TO_DATE('2024-03-25', 'YYYY-MM-DD'));
INSERT INTO HistoriasClinicas (historia_id, paciente_id, nombre_entidad, fechaConsulta, motivoConsulta, diagnostico, tratamiento, fecha) VALUES (31, 31, 'ClinRio', TO_DATE('2024-04-05', 'YYYY-MM-DD'), 'Infec urin', 'Cistitis', 'Antibióticos', TO_DATE('2024-04-05', 'YYYY-MM-DD'));
INSERT INTO HistoriasClinicas (historia_id, paciente_id, nombre_entidad, fechaConsulta, motivoConsulta, diagnostico, tratamiento, fecha) VALUES (32, 32, 'MedicoValencia', TO_DATE('2024-04-15', 'YYYY-MM-DD'), 'Dolor muelas', 'Caries', 'Tratam dental', TO_DATE('2024-04-15', 'YYYY-MM-DD'));
INSERT INTO HistoriasClinicas (historia_id, paciente_id, nombre_entidad, fechaConsulta, motivoConsulta, diagnostico, tratamiento, fecha) VALUES (33, 33, 'ClinSanJuan', TO_DATE('2024-04-25', 'YYYY-MM-DD'), 'Falta energía', 'Anemia', 'Supl hierro', TO_DATE('2024-04-25', 'YYYY-MM-DD'));
INSERT INTO HistoriasClinicas (historia_id, paciente_id, nombre_entidad, fechaConsulta, motivoConsulta, diagnostico, tratamiento, fecha) VALUES (34, 34, 'HospSanFernando', TO_DATE('2024-05-05', 'YYYY-MM-DD'), 'Pérdida peso', 'Hipertiroid', 'Antitiroideos', TO_DATE('2024-05-05', 'YYYY-MM-DD'));
INSERT INTO HistoriasClinicas (historia_id, paciente_id, nombre_entidad, fechaConsulta, motivoConsulta, diagnostico, tratamiento, fecha) VALUES (35, 35, 'ClinDelSol', TO_DATE('2024-05-15', 'YYYY-MM-DD'), 'Estreñimiento', 'SII', 'Fibra y dieta', TO_DATE('2024-05-15', 'YYYY-MM-DD'));
INSERT INTO HistoriasClinicas (historia_id, paciente_id, nombre_entidad, fechaConsulta, motivoConsulta, diagnostico, tratamiento, fecha) VALUES (36, 36, 'MedicoGranada', TO_DATE('2024-05-25', 'YYYY-MM-DD'), 'Falta apetito', 'Desnutrición', 'Supl nutri', TO_DATE('2024-05-25', 'YYYY-MM-DD'));
INSERT INTO HistoriasClinicas (historia_id, paciente_id, nombre_entidad, fechaConsulta, motivoConsulta, diagnostico, tratamiento, fecha) VALUES (37, 37, 'ClinSanAntonio', TO_DATE('2024-06-05', 'YYYY-MM-DD'), 'Dif respira', 'Neumonía', 'Antibióticos', TO_DATE('2024-06-05', 'YYYY-MM-DD'));
INSERT INTO HistoriasClinicas (historia_id, paciente_id, nombre_entidad, fechaConsulta, motivoConsulta, diagnostico, tratamiento, fecha) VALUES (38, 38, 'HospSanMarcos', TO_DATE('2024-06-15', 'YYYY-MM-DD'), 'Dolor pecho', 'Angina pecho', 'Reposo y ctrl', TO_DATE('2024-06-15', 'YYYY-MM-DD'));
INSERT INTO HistoriasClinicas (historia_id, paciente_id, nombre_entidad, fechaConsulta, motivoConsulta, diagnostico, tratamiento, fecha) VALUES (39, 39, 'ClinVerde', TO_DATE('2024-06-25', 'YYYY-MM-DD'), 'Caída cabello', 'Alopecia areata', 'Tratam tópico', TO_DATE('2024-06-25', 'YYYY-MM-DD'));
INSERT INTO HistoriasClinicas (historia_id, paciente_id, nombre_entidad, fechaConsulta, motivoConsulta, diagnostico, tratamiento, fecha) VALUES (40, 40, 'SaludLevante', TO_DATE('2024-07-05', 'YYYY-MM-DD'), 'Acné', 'Acné leve', 'Tratam tópico', TO_DATE('2024-07-05', 'YYYY-MM-DD'));
INSERT INTO HistoriasClinicas (historia_id, paciente_id, nombre_entidad, fechaConsulta, motivoConsulta, diagnostico, tratamiento, fecha) VALUES (41, 41, 'HospSanJavier', TO_DATE('2024-07-15', 'YYYY-MM-DD'), 'Dolor oídos', 'Otitis', 'Antibióticos', TO_DATE('2024-07-15', 'YYYY-MM-DD'));
INSERT INTO HistoriasClinicas (historia_id, paciente_id, nombre_entidad, fechaConsulta, motivoConsulta, diagnostico, tratamiento, fecha) VALUES (42, 42, 'ClinSantaIsabel', TO_DATE('2024-07-25', 'YYYY-MM-DD'), 'Tensión alta', 'Hipertensión', 'Control presión', TO_DATE('2024-07-25', 'YYYY-MM-DD'));
INSERT INTO HistoriasClinicas (historia_id, paciente_id, nombre_entidad, fechaConsulta, motivoConsulta, diagnostico, tratamiento, fecha) VALUES (43, 43, 'MedicoMalaga', TO_DATE('2024-08-05', 'YYYY-MM-DD'), 'Dolor artic', 'Gota', 'Medicamentos', TO_DATE('2024-08-05', 'YYYY-MM-DD'));
INSERT INTO HistoriasClinicas (historia_id, paciente_id, nombre_entidad, fechaConsulta, motivoConsulta, diagnostico, tratamiento, fecha) VALUES (44, 44, 'ClinSanCarlos', TO_DATE('2024-08-15', 'YYYY-MM-DD'), 'Infec respira', 'Bronquitis', 'Antibióticos', TO_DATE('2024-08-15', 'YYYY-MM-DD'));
INSERT INTO HistoriasClinicas (historia_id, paciente_id, nombre_entidad, fechaConsulta, motivoConsulta, diagnostico, tratamiento, fecha) VALUES (45, 45, 'HospSantaMaria', TO_DATE('2024-08-25', 'YYYY-MM-DD'), 'Dif para dormir', 'Apnea del sueño', 'Máquina CPAP', TO_DATE('2024-08-25', 'YYYY-MM-DD'));
INSERT INTO HistoriasClinicas (historia_id, paciente_id, nombre_entidad, fechaConsulta, motivoConsulta, diagnostico, tratamiento, fecha) VALUES (46, 46, 'ClinSanVicente', TO_DATE('2024-09-05', 'YYYY-MM-DD'), 'Alergias', 'Rinitis alérgica', 'Antihistamín', TO_DATE('2024-09-05', 'YYYY-MM-DD'));
INSERT INTO HistoriasClinicas (historia_id, paciente_id, nombre_entidad, fechaConsulta, motivoConsulta, diagnostico, tratamiento, fecha) VALUES (47, 47, 'MedicoAlicante', TO_DATE('2024-09-15', 'YYYY-MM-DD'), 'Hinch piernas', 'Insuf venosa', 'Compresión y elev', TO_DATE('2024-09-15', 'YYYY-MM-DD'));
INSERT INTO HistoriasClinicas (historia_id, paciente_id, nombre_entidad, fechaConsulta, motivoConsulta, diagnostico, tratamiento, fecha) VALUES (48, 48, 'ClinSanLucas', TO_DATE('2024-09-25', 'YYYY-MM-DD'), 'Visión borrosa', 'Cataratas', 'Cirugía recom', TO_DATE('2024-09-25', 'YYYY-MM-DD'));
INSERT INTO HistoriasClinicas (historia_id, paciente_id, nombre_entidad, fechaConsulta, motivoConsulta, diagnostico, tratamiento, fecha) VALUES (49, 49, 'HospSanIgnacio', TO_DATE('2024-10-05', 'YYYY-MM-DD'), 'Dolor espalda', 'Hernia discal', 'Rehab física', TO_DATE('2024-10-05', 'YYYY-MM-DD'));
INSERT INTO HistoriasClinicas (historia_id, paciente_id, nombre_entidad, fechaConsulta, motivoConsulta, diagnostico, tratamiento, fecha) VALUES (50, 50, 'ClinSanPablo', TO_DATE('2024-10-15', 'YYYY-MM-DD'), 'Ansiedad', 'Ansiedad', 'Terapia psico', TO_DATE('2024-10-15', 'YYYY-MM-DD'));


INSERT INTO Diagnosticos (diagnostico_id, fechaDiagnostico, tipoDiagnostico, descripcion) VALUES (1, TO_DATE('2023-01-10', 'YYYY-MM-DD'), 'Inicial', 'Dolor abdom');
INSERT INTO Diagnosticos (diagnostico_id, fechaDiagnostico, tipoDiagnostico, descripcion) VALUES (2, TO_DATE('2023-02-15', 'YYYY-MM-DD'), 'Recurrente', 'Dolor cabeza');
INSERT INTO Diagnosticos (diagnostico_id, fechaDiagnostico, tipoDiagnostico, descripcion) VALUES (3, TO_DATE('2023-03-20', 'YYYY-MM-DD'), 'Agudo', 'Fiebre alta');
INSERT INTO Diagnosticos (diagnostico_id, fechaDiagnostico, tipoDiagnostico, descripcion) VALUES (4, TO_DATE('2023-04-10', 'YYYY-MM-DD'), 'Leve', 'Gastritis leve');
INSERT INTO Diagnosticos (diagnostico_id, fechaDiagnostico, tipoDiagnostico, descripcion) VALUES (5, TO_DATE('2023-04-15', 'YYYY-MM-DD'), 'Moderado', 'Tos persistente');
INSERT INTO Diagnosticos (diagnostico_id, fechaDiagnostico, tipoDiagnostico, descripcion) VALUES (6, TO_DATE('2023-05-01', 'YYYY-MM-DD'), 'Agudo', 'Infec viral');
INSERT INTO Diagnosticos (diagnostico_id, fechaDiagnostico, tipoDiagnostico, descripcion) VALUES (7, TO_DATE('2023-05-20', 'YYYY-MM-DD'), 'Leve', 'Anemia');
INSERT INTO Diagnosticos (diagnostico_id, fechaDiagnostico, tipoDiagnostico, descripcion) VALUES (8, TO_DATE('2023-06-10', 'YYYY-MM-DD'), 'Crónico', 'Lumbalgia');
INSERT INTO Diagnosticos (diagnostico_id, fechaDiagnostico, tipoDiagnostico, descripcion) VALUES (9, TO_DATE('2023-06-25', 'YYYY-MM-DD'), 'Recurrente', 'Migraña');
INSERT INTO Diagnosticos (diagnostico_id, fechaDiagnostico, tipoDiagnostico, descripcion) VALUES (10, TO_DATE('2023-07-05', 'YYYY-MM-DD'), 'Crónico', 'Intolerancia lactosa');
INSERT INTO Diagnosticos (diagnostico_id, fechaDiagnostico, tipoDiagnostico, descripcion) VALUES (11, TO_DATE('2023-07-15', 'YYYY-MM-DD'), 'Agudo', 'Hipotensión');
INSERT INTO Diagnosticos (diagnostico_id, fechaDiagnostico, tipoDiagnostico, descripcion) VALUES (12, TO_DATE('2023-08-01', 'YYYY-MM-DD'), 'Recurrente', 'Asma');
INSERT INTO Diagnosticos (diagnostico_id, fechaDiagnostico, tipoDiagnostico, descripcion) VALUES (13, TO_DATE('2023-08-15', 'YYYY-MM-DD'), 'Crónico', 'Artritis');
INSERT INTO Diagnosticos (diagnostico_id, fechaDiagnostico, tipoDiagnostico, descripcion) VALUES (14, TO_DATE('2023-08-30', 'YYYY-MM-DD'), 'Recurrente', 'Gastritis');
INSERT INTO Diagnosticos (diagnostico_id, fechaDiagnostico, tipoDiagnostico, descripcion) VALUES (15, TO_DATE('2023-09-10', 'YYYY-MM-DD'), 'Leve', 'Miopía');
INSERT INTO Diagnosticos (diagnostico_id, fechaDiagnostico, tipoDiagnostico, descripcion) VALUES (16, TO_DATE('2023-09-25', 'YYYY-MM-DD'), 'Severo', 'Angina');
INSERT INTO Diagnosticos (diagnostico_id, fechaDiagnostico, tipoDiagnostico, descripcion) VALUES (17, TO_DATE('2023-10-05', 'YYYY-MM-DD'), 'Moderado', 'Alopecia');
INSERT INTO Diagnosticos (diagnostico_id, fechaDiagnostico, tipoDiagnostico, descripcion) VALUES (18, TO_DATE('2023-10-20', 'YYYY-MM-DD'), 'Recurrente', 'Dermatitis');
INSERT INTO Diagnosticos (diagnostico_id, fechaDiagnostico, tipoDiagnostico, descripcion) VALUES (19, TO_DATE('2023-11-01', 'YYYY-MM-DD'), 'Agudo', 'Desgarro muscular');
INSERT INTO Diagnosticos (diagnostico_id, fechaDiagnostico, tipoDiagnostico, descripcion) VALUES (20, TO_DATE('2023-11-15', 'YYYY-MM-DD'), 'Crónico', 'Estrés');
INSERT INTO Diagnosticos (diagnostico_id, fechaDiagnostico, tipoDiagnostico, descripcion) VALUES (21, TO_DATE('2023-12-01', 'YYYY-MM-DD'), 'Leve', 'Anemia leve');
INSERT INTO Diagnosticos (diagnostico_id, fechaDiagnostico, tipoDiagnostico, descripcion) VALUES (22, TO_DATE('2023-12-10', 'YYYY-MM-DD'), 'Crónico', 'Insomnio');
INSERT INTO Diagnosticos (diagnostico_id, fechaDiagnostico, tipoDiagnostico, descripcion) VALUES (23, TO_DATE('2024-01-05', 'YYYY-MM-DD'), 'Crónico', 'Fatiga crónica');
INSERT INTO Diagnosticos (diagnostico_id, fechaDiagnostico, tipoDiagnostico, descripcion) VALUES (24, TO_DATE('2024-01-20', 'YYYY-MM-DD'), 'Moderado', 'Artrosis');
INSERT INTO Diagnosticos (diagnostico_id, fechaDiagnostico, tipoDiagnostico, descripcion) VALUES (25, TO_DATE('2024-02-01', 'YYYY-MM-DD'), 'Leve', 'Insomnio');
INSERT INTO Diagnosticos (diagnostico_id, fechaDiagnostico, tipoDiagnostico, descripcion) VALUES (26, TO_DATE('2024-02-15', 'YYYY-MM-DD'), 'Crónico', 'Hipotiroidismo');
INSERT INTO Diagnosticos (diagnostico_id, fechaDiagnostico, tipoDiagnostico, descripcion) VALUES (27, TO_DATE('2024-02-25', 'YYYY-MM-DD'), 'Leve', 'Asma leve');
INSERT INTO Diagnosticos (diagnostico_id, fechaDiagnostico, tipoDiagnostico, descripcion) VALUES (28, TO_DATE('2024-03-01', 'YYYY-MM-DD'), 'Moderado', 'Artritis reumatoide');
INSERT INTO Diagnosticos (diagnostico_id, fechaDiagnostico, tipoDiagnostico, descripcion) VALUES (29, TO_DATE('2024-03-15', 'YYYY-MM-DD'), 'Recurrente', 'Dermatitis');
INSERT INTO Diagnosticos (diagnostico_id, fechaDiagnostico, tipoDiagnostico, descripcion) VALUES (30, TO_DATE('2024-03-25', 'YYYY-MM-DD'), 'Agudo', 'Faringitis');
INSERT INTO Diagnosticos (diagnostico_id, fechaDiagnostico, tipoDiagnostico, descripcion) VALUES (31, TO_DATE('2024-04-05', 'YYYY-MM-DD'), 'Agudo', 'Cistitis');
INSERT INTO Diagnosticos (diagnostico_id, fechaDiagnostico, tipoDiagnostico, descripcion) VALUES (32, TO_DATE('2024-04-15', 'YYYY-MM-DD'), 'Moderado', 'Caries');
INSERT INTO Diagnosticos (diagnostico_id, fechaDiagnostico, tipoDiagnostico, descripcion) VALUES (33, TO_DATE('2024-04-25', 'YYYY-MM-DD'), 'Leve', 'Anemia');
INSERT INTO Diagnosticos (diagnostico_id, fechaDiagnostico, tipoDiagnostico, descripcion) VALUES (34, TO_DATE('2024-05-05', 'YYYY-MM-DD'), 'Crónico', 'Hipertiroidismo');
INSERT INTO Diagnosticos (diagnostico_id, fechaDiagnostico, tipoDiagnostico, descripcion) VALUES (35, TO_DATE('2024-05-15', 'YYYY-MM-DD'), 'Recurrente', 'SII');
INSERT INTO Diagnosticos (diagnostico_id, fechaDiagnostico, tipoDiagnostico, descripcion) VALUES (36, TO_DATE('2024-05-25', 'YYYY-MM-DD'), 'Crónico', 'Desnutrición');
INSERT INTO Diagnosticos (diagnostico_id, fechaDiagnostico, tipoDiagnostico, descripcion) VALUES (37, TO_DATE('2024-06-05', 'YYYY-MM-DD'), 'Agudo', 'Neumonía');
INSERT INTO Diagnosticos (diagnostico_id, fechaDiagnostico, tipoDiagnostico, descripcion) VALUES (38, TO_DATE('2024-06-15', 'YYYY-MM-DD'), 'Crónico', 'Angina de pecho');
INSERT INTO Diagnosticos (diagnostico_id, fechaDiagnostico, tipoDiagnostico, descripcion) VALUES (39, TO_DATE('2024-06-25', 'YYYY-MM-DD'), 'Moderado', 'Alopecia areata');
INSERT INTO Diagnosticos (diagnostico_id, fechaDiagnostico, tipoDiagnostico, descripcion) VALUES (40, TO_DATE('2024-07-05', 'YYYY-MM-DD'), 'Leve', 'Acné leve');
INSERT INTO Diagnosticos (diagnostico_id, fechaDiagnostico, tipoDiagnostico, descripcion) VALUES (41, TO_DATE('2024-07-15', 'YYYY-MM-DD'), 'Agudo', 'Otitis');
INSERT INTO Diagnosticos (diagnostico_id, fechaDiagnostico, tipoDiagnostico, descripcion) VALUES (42, TO_DATE('2024-07-25', 'YYYY-MM-DD'), 'Crónico', 'Hipertensión');
INSERT INTO Diagnosticos (diagnostico_id, fechaDiagnostico, tipoDiagnostico, descripcion) VALUES (43, TO_DATE('2024-08-05', 'YYYY-MM-DD'), 'Crónico', 'Gota');
INSERT INTO Diagnosticos (diagnostico_id, fechaDiagnostico, tipoDiagnostico, descripcion) VALUES (44, TO_DATE('2024-08-15', 'YYYY-MM-DD'), 'Agudo', 'Bronquitis');
INSERT INTO Diagnosticos (diagnostico_id, fechaDiagnostico, tipoDiagnostico, descripcion) VALUES (45, TO_DATE('2024-08-25', 'YYYY-MM-DD'), 'Crónico', 'Apnea sueño');
INSERT INTO Diagnosticos (diagnostico_id, fechaDiagnostico, tipoDiagnostico, descripcion) VALUES (46, TO_DATE('2024-09-05', 'YYYY-MM-DD'), 'Recurrente', 'Rinitis alérgica');
INSERT INTO Diagnosticos (diagnostico_id, fechaDiagnostico, tipoDiagnostico, descripcion) VALUES (47, TO_DATE('2024-09-15', 'YYYY-MM-DD'), 'Moderado', 'Insuf venosa');
INSERT INTO Diagnosticos (diagnostico_id, fechaDiagnostico, tipoDiagnostico, descripcion) VALUES (48, TO_DATE('2024-09-25', 'YYYY-MM-DD'), 'Severo', 'Cataratas');
INSERT INTO Diagnosticos (diagnostico_id, fechaDiagnostico, tipoDiagnostico, descripcion) VALUES (49, TO_DATE('2024-10-05', 'YYYY-MM-DD'), 'Moderado', 'Hernia discal');
INSERT INTO Diagnosticos (diagnostico_id, fechaDiagnostico, tipoDiagnostico, descripcion) VALUES (50, TO_DATE('2024-10-15', 'YYYY-MM-DD'), 'Crónico', 'Ansiedad');

INSERT INTO Medicos (nombre, apellido, identificacion, correo, telefono, estado, numero_consultorio) VALUES ('Juan', 'Garcia', 101, 'j.2arcia@hospital.com', 987654321, 'Activo', 200);
INSERT INTO Medicos (nombre, apellido, identificacion, correo, telefono, estado, numero_consultorio) VALUES ('Laura', 'Ramirez', 102, 'l.1amirez@clinica.com', 123456789, 'Activo', 201);
INSERT INTO Medicos (nombre, apellido, identificacion, correo, telefono, estado, numero_consultorio) VALUES ('Pablo', 'Fernandez', 103, 'p.3ernandez@salud.com', 456789123, 'Inactivo', 202);
INSERT INTO Medicos (nombre, apellido, identificacion, correo, telefono, estado, numero_consultorio) VALUES ('Ana', 'Martinez', 104, 'a.ma4tinez@hospital.com', 321456789, 'Activo', 203);
INSERT INTO Medicos (nombre, apellido, identificacion, correo, telefono, estado, numero_consultorio) VALUES ('Carlos', 'Sanchez', 105, 'c.5anchez@clinica.com', 654123987, 'Activo', 204);
INSERT INTO Medicos (nombre, apellido, identificacion, correo, telefono, estado, numero_consultorio) VALUES ('Elena', 'Lopez', 106, 'e.lo6ez@salud.com', 987321456, 'Inactivo', 205);
INSERT INTO Medicos (nombre, apellido, identificacion, correo, telefono, estado, numero_consultorio) VALUES ('Miguel', 'Gomez', 107, 'm.g7mez@hospital.com', 789654123, 'Activo', 206);
INSERT INTO Medicos (nombre, apellido, identificacion, correo, telefono, estado, numero_consultorio) VALUES ('Sofia', 'Morales', 108, 's.8orales@clinica.com', 654987321, 'Activo', 207);
INSERT INTO Medicos (nombre, apellido, identificacion, correo, telefono, estado, numero_consultorio) VALUES ('Luis', 'Perez', 109, 'l.per9z@salud.com', 456123789, 'Activo', 208);
INSERT INTO Medicos (nombre, apellido, identificacion, correo, telefono, estado, numero_consultorio) VALUES ('Isabel', 'Rodriguez', 110, 'i.1odriguez@hospital.com', 789123654, 'Inactivo', 209);
INSERT INTO Medicos (nombre, apellido, identificacion, correo, telefono, estado, numero_consultorio) VALUES ('Andres', 'Diaz', 111, 'a.diaz@1l1nica.com', 123789456, 'Activo', 210);
INSERT INTO Medicos (nombre, apellido, identificacion, correo, telefono, estado, numero_consultorio) VALUES ('Valeria', 'Hernandez', 112, 'v.hernand12@salud.com', 987654312, 'Activo', 211);
INSERT INTO Medicos (nombre, apellido, identificacion, correo, telefono, estado, numero_consultorio) VALUES ('Ricardo', 'Jimenez', 113, 'r.jimenez@13spital.com', 321789654, 'Activo', 212);
INSERT INTO Medicos (nombre, apellido, identificacion, correo, telefono, estado, numero_consultorio) VALUES ('Mariana', 'Castro', 114, 'm.castro@c14nica.com', 654321789, 'Activo', 213);
INSERT INTO Medicos (nombre, apellido, identificacion, correo, telefono, estado, numero_consultorio) VALUES ('Daniel', 'Guerrero', 115, 'd.guer15ro@salud.com', 456789123, 'Inactivo', 214);
INSERT INTO Medicos (nombre, apellido, identificacion, correo, telefono, estado, numero_consultorio) VALUES ('Lucia', 'Reyes', 116, 'l.reyes@hos16ital.com', 789456321, 'Activo', 215);
INSERT INTO Medicos (nombre, apellido, identificacion, correo, telefono, estado, numero_consultorio) VALUES ('Esteban', 'Ortiz', 117, 'e.ortiz@c17nica.com', 321654987, 'Activo', 216);
INSERT INTO Medicos (nombre, apellido, identificacion, correo, telefono, estado, numero_consultorio) VALUES ('Rosa', 'Rivas', 118, 'r.rivas@18lud.com', 654789321, 'Activo', 217);
INSERT INTO Medicos (nombre, apellido, identificacion, correo, telefono, estado, numero_consultorio) VALUES ('Pedro', 'Salazar', 119, 'p.sa19zar@hospital.com', 987123456, 'Inactivo', 218);
INSERT INTO Medicos (nombre, apellido, identificacion, correo, telefono, estado, numero_consultorio) VALUES ('Claudia', 'Escobar', 120, 'c.20cobar@clinica.com', 123456987, 'Activo', 219);
INSERT INTO Medicos (nombre, apellido, identificacion, correo, telefono, estado, numero_consultorio) VALUES ('Jose', 'Mendoza', 121, 'j.men21za@salud.com', 456987123, 'Activo', 220);
INSERT INTO Medicos (nombre, apellido, identificacion, correo, telefono, estado, numero_consultorio) VALUES ('Monica', 'Figueroa', 122, 'm.22gueroa@hospital.com', 789321654, 'Activo', 221);
INSERT INTO Medicos (nombre, apellido, identificacion, correo, telefono, estado, numero_consultorio) VALUES ('Diego', 'Vargas', 123, 'd.va23as@clinica.com', 321987456, 'Activo', 222);
INSERT INTO Medicos (nombre, apellido, identificacion, correo, telefono, estado, numero_consultorio) VALUES ('Paula', 'Torres', 124, 'p.to24es@salud.com', 654123789, 'Inactivo', 223);
INSERT INTO Medicos (nombre, apellido, identificacion, correo, telefono, estado, numero_consultorio) VALUES ('Sergio', 'Naranjo', 125, 's.25ranjo@hospital.com', 987654123, 'Activo', 224);
INSERT INTO Medicos (nombre, apellido, identificacion, correo, telefono, estado, numero_consultorio) VALUES ('Laura', 'Cruz', 126, 'l.cruz@26inica.com', 456789321, 'Activo', 225);
INSERT INTO Medicos (nombre, apellido, identificacion, correo, telefono, estado, numero_consultorio) VALUES ('Gabriel', 'Pineda', 127, 'g.27neda@salud.com', 789123456, 'Activo', 226);
INSERT INTO Medicos (nombre, apellido, identificacion, correo, telefono, estado, numero_consultorio) VALUES ('Carolina', 'Suarez', 128, 'c.28arez@hospital.com', 321654789, 'Activo', 227);
INSERT INTO Medicos (nombre, apellido, identificacion, correo, telefono, estado, numero_consultorio) VALUES ('Rafael', 'Chavez', 129, 'r.ch29ez@clinica.com', 654987123, 'Inactivo', 228);
INSERT INTO Medicos (nombre, apellido, identificacion, correo, telefono, estado, numero_consultorio) VALUES ('Gloria', 'Medina', 130, 'g.me30na@salud.com', 123789654, 'Activo', 229);
INSERT INTO Medicos (nombre, apellido, identificacion, correo, telefono, estado, numero_consultorio) VALUES ('Camilo', 'Peña', 131, 'c.pena@31spital.com', 987321654, 'Activo', 230);
INSERT INTO Medicos (nombre, apellido, identificacion, correo, telefono, estado, numero_consultorio) VALUES ('Patricia', 'Padilla', 132, 'p.32dilla@clinica.com', 321456987, 'Activo', 231);
INSERT INTO Medicos (nombre, apellido, identificacion, correo, telefono, estado, numero_consultorio) VALUES ('Oscar', 'Guerra', 133, 'o.gue33a@salud.com', 654123456, 'Inactivo', 232);
INSERT INTO Medicos (nombre, apellido, identificacion, correo, telefono, estado, numero_consultorio) VALUES ('Liliana', 'Cardenas', 134, 'l.34rdenas@hospital.com', 789654321, 'Activo', 233);
INSERT INTO Medicos (nombre, apellido, identificacion, correo, telefono, estado, numero_consultorio) VALUES ('Cristian', 'Bermudez', 135, 'c.35rmudez@clinica.com', 123456321, 'Activo', 234);
INSERT INTO Medicos (nombre, apellido, identificacion, correo, telefono, estado, numero_consultorio) VALUES ('Diana', 'Quintero', 136, 'd.qui36ero@salud.com', 456321789, 'Activo', 235);
INSERT INTO Medicos (nombre, apellido, identificacion, correo, telefono, estado, numero_consultorio) VALUES ('Hernan', 'Murillo', 137, 'h.mur37lo@hospital.com', 789321123, 'Inactivo', 236);
INSERT INTO Medicos (nombre, apellido, identificacion, correo, telefono, estado, numero_consultorio) VALUES ('Natalia', 'Beltran', 138, 'n.be38ran@clinica.com', 321789123, 'Activo', 237);
INSERT INTO Medicos (nombre, apellido, identificacion, correo, telefono, estado, numero_consultorio) VALUES ('Alberto', 'Cortes', 139, 'a.39rtes@salud.com', 654321123, 'Activo', 238);
INSERT INTO Medicos (nombre, apellido, identificacion, correo, telefono, estado, numero_consultorio) VALUES ('Lorena', 'Vergara', 140, 'l.40rgara@hospital.com', 987456789, 'Activo', 239);
INSERT INTO Medicos (nombre, apellido, identificacion, correo, telefono, estado, numero_consultorio) VALUES ('Felipe', 'Navarro', 141, 'f.41varro@clinica.com', 123789321, 'Activo', 240);
INSERT INTO Medicos (nombre, apellido, identificacion, correo, telefono, estado, numero_consultorio) VALUES ('Sandra', 'Camacho', 142, 's.42macho@salud.com', 456123654, 'Activo', 241);
INSERT INTO Medicos (nombre, apellido, identificacion, correo, telefono, estado, numero_consultorio) VALUES ('Mario', 'Aguilar', 143, 'm.a43ilar@hospital.com', 789654987, 'Activo', 242);
INSERT INTO Medicos (nombre, apellido, identificacion, correo, telefono, estado, numero_consultorio) VALUES ('Viviana', 'Benitez', 144, 'v.44nitez@clinica.com', 321987654, 'Inactivo', 243);
INSERT INTO Medicos (nombre, apellido, identificacion, correo, telefono, estado, numero_consultorio) VALUES ('Jaime', 'Rojas', 145, 'j.ro45s@salud.com', 654789987, 'Activo', 244);
INSERT INTO Medicos (nombre, apellido, identificacion, correo, telefono, estado, numero_consultorio) VALUES ('Daniela', 'Franco', 146, 'd.46anco@hospital.com', 123654987, 'Activo', 245);
INSERT INTO Medicos (nombre, apellido, identificacion, correo, telefono, estado, numero_consultorio) VALUES ('Javier', 'Lozano', 147, 'j.l47ano@clinica.com', 456789654, 'Activo', 246);
INSERT INTO Medicos (nombre, apellido, identificacion, correo, telefono, estado, numero_consultorio) VALUES ('Beatriz', 'Cano', 148, 'b.ca48@salud.com', 789123789, 'Activo', 247);
INSERT INTO Medicos (nombre, apellido, identificacion, correo, telefono, estado, numero_consultorio) VALUES ('Fernando', 'Mora', 149, 'f.m49a@hospital.com', 321456123, 'Inactivo', 248);
INSERT INTO Medicos (nombre, apellido, identificacion, correo, telefono, estado, numero_consultorio) VALUES ('Ximena', 'Pacheco', 150, 'x.p50heco@clinica.com', 654987789, 'Activo', 249);



INSERT INTO Pagos (pago_id,  paciente_id, fechaPago, monto, metodoPago, estadoPago, observaciones) VALUES (1, 1, TO_DATE('2023-01-15', 'YYYY-MM-DD'), 100.00, 'Tarjeta', 'Pagado', 'N/A');
INSERT INTO Pagos (pago_id,  paciente_id, fechaPago, monto, metodoPago, estadoPago, observaciones) VALUES (2, 2, TO_DATE('2023-02-20', 'YYYY-MM-DD'), 150.00, 'Transf', 'Pendiente', 'Conf bancaria');
INSERT INTO Pagos (pago_id,  paciente_id, fechaPago, monto, metodoPago, estadoPago, observaciones) VALUES (3, 3, TO_DATE('2023-03-25', 'YYYY-MM-DD'), 200.00, 'Efectivo', 'Pagado', 'Recibido consulta');
INSERT INTO Pagos (pago_id,  paciente_id, fechaPago, monto, metodoPago, estadoPago, observaciones) VALUES (4, 4, TO_DATE('2023-04-18', 'YYYY-MM-DD'), 120.00, 'Tarjeta', 'Pagado', 'N/A');
INSERT INTO Pagos (pago_id,  paciente_id, fechaPago, monto, metodoPago, estadoPago, observaciones) VALUES (5, 5, TO_DATE('2023-05-12', 'YYYY-MM-DD'), 80.00, 'Efectivo', 'Pagado', 'Consulta completa');
INSERT INTO Pagos (pago_id,  paciente_id, fechaPago, monto, metodoPago, estadoPago, observaciones) VALUES (6, 6, TO_DATE('2023-06-15', 'YYYY-MM-DD'), 90.00, 'Transf', 'Pendiente', 'Conf transf');
INSERT INTO Pagos (pago_id,  paciente_id, fechaPago, monto, metodoPago, estadoPago, observaciones) VALUES (7, 7, TO_DATE('2023-07-01', 'YYYY-MM-DD'), 100.00, 'Tarjeta', 'Pagado', 'Pago al día');
INSERT INTO Pagos (pago_id,  paciente_id, fechaPago, monto, metodoPago, estadoPago, observaciones) VALUES (8, 8, TO_DATE('2023-07-20', 'YYYY-MM-DD'), 110.00, 'Efectivo', 'Pendiente', 'Pagar siguiente cita');
INSERT INTO Pagos (pago_id,  paciente_id, fechaPago, monto, metodoPago, estadoPago, observaciones) VALUES (9, 9, TO_DATE('2023-08-10', 'YYYY-MM-DD'), 150.00, 'Transf', 'Pagado', 'Pago confirmado');
INSERT INTO Pagos (pago_id,  paciente_id, fechaPago, monto, metodoPago, estadoPago, observaciones) VALUES (10, 10, TO_DATE('2023-08-18', 'YYYY-MM-DD'), 130.00, 'Tarjeta', 'Pendiente', 'A espera de confirmación');
INSERT INTO Pagos (pago_id,  paciente_id, fechaPago, monto, metodoPago, estadoPago, observaciones) VALUES (11, 11, TO_DATE('2023-09-10', 'YYYY-MM-DD'), 95.00, 'Efectivo', 'Pagado', 'N/A');
INSERT INTO Pagos (pago_id,  paciente_id, fechaPago, monto, metodoPago, estadoPago, observaciones) VALUES (12, 12, TO_DATE('2023-09-25', 'YYYY-MM-DD'), 160.00, 'Transf', 'Pendiente', 'Conf banco');
INSERT INTO Pagos (pago_id,  paciente_id, fechaPago, monto, metodoPago, estadoPago, observaciones) VALUES (13, 13, TO_DATE('2023-10-05', 'YYYY-MM-DD'), 140.00, 'Tarjeta', 'Pagado', 'Pago exitoso');
INSERT INTO Pagos (pago_id,  paciente_id, fechaPago, monto, metodoPago, estadoPago, observaciones) VALUES (14, 14, TO_DATE('2023-10-20', 'YYYY-MM-DD'), 155.00, 'Efectivo', 'Pendiente', 'Por pagar');
INSERT INTO Pagos (pago_id,  paciente_id, fechaPago, monto, metodoPago, estadoPago, observaciones) VALUES (15, 15, TO_DATE('2023-11-01', 'YYYY-MM-DD'), 115.00, 'Transf', 'Pagado', 'Recibo generado');
INSERT INTO Pagos (pago_id,  paciente_id, fechaPago, monto, metodoPago, estadoPago, observaciones) VALUES (16, 16, TO_DATE('2023-11-10', 'YYYY-MM-DD'), 125.00, 'Tarjeta', 'Pagado', 'N/A');
INSERT INTO Pagos (pago_id,  paciente_id, fechaPago, monto, metodoPago, estadoPago, observaciones) VALUES (17, 17, TO_DATE('2023-11-20', 'YYYY-MM-DD'), 105.00, 'Efectivo', 'Pendiente', 'Pendiente verif');
INSERT INTO Pagos (pago_id,  paciente_id, fechaPago, monto, metodoPago, estadoPago, observaciones) VALUES (18, 18, TO_DATE('2023-12-10', 'YYYY-MM-DD'), 90.00, 'Transf', 'Pagado', 'Pago completado');
INSERT INTO Pagos (pago_id,  paciente_id, fechaPago, monto, metodoPago, estadoPago, observaciones) VALUES (19, 19, TO_DATE('2023-12-18', 'YYYY-MM-DD'), 135.00, 'Tarjeta', 'Pendiente', 'Conf de pago');
INSERT INTO Pagos (pago_id,  paciente_id, fechaPago, monto, metodoPago, estadoPago, observaciones) VALUES (20, 20, TO_DATE('2024-01-05', 'YYYY-MM-DD'), 145.00, 'Efectivo', 'Pagado', 'Recibo gener');
INSERT INTO Pagos (pago_id,  paciente_id, fechaPago, monto, metodoPago, estadoPago, observaciones) VALUES (21, 21, TO_DATE('2024-01-15', 'YYYY-MM-DD'), 85.00, 'Transf', 'Pendiente', 'Espera confirm');
INSERT INTO Pagos (pago_id,  paciente_id, fechaPago, monto, metodoPago, estadoPago, observaciones) VALUES (22, 22, TO_DATE('2024-01-25', 'YYYY-MM-DD'), 100.00, 'Tarjeta', 'Pagado', 'N/A');
INSERT INTO Pagos (pago_id,  paciente_id, fechaPago, monto, metodoPago, estadoPago, observaciones) VALUES (23, 23, TO_DATE('2024-02-01', 'YYYY-MM-DD'), 125.00, 'Efectivo', 'Pagado', 'Consulta recib');
INSERT INTO Pagos (pago_id,  paciente_id, fechaPago, monto, metodoPago, estadoPago, observaciones) VALUES (24, 24, TO_DATE('2024-02-18', 'YYYY-MM-DD'), 95.00, 'Transf', 'Pendiente', 'Por conf');
INSERT INTO Pagos (pago_id,  paciente_id, fechaPago, monto, metodoPago, estadoPago, observaciones) VALUES (25, 25, TO_DATE('2024-03-05', 'YYYY-MM-DD'), 110.00, 'Tarjeta', 'Pagado', 'Pago exito');
INSERT INTO Pagos (pago_id,  paciente_id, fechaPago, monto, metodoPago, estadoPago, observaciones) VALUES (26, 26, TO_DATE('2024-03-15', 'YYYY-MM-DD'), 140.00, 'Efectivo', 'Pendiente', 'Recibo próxim');
INSERT INTO Pagos (pago_id,  paciente_id, fechaPago, monto, metodoPago, estadoPago, observaciones) VALUES (27, 27, TO_DATE('2024-03-28', 'YYYY-MM-DD'), 105.00, 'Transf', 'Pagado', 'Verificación OK');
INSERT INTO Pagos (pago_id,  paciente_id, fechaPago, monto, metodoPago, estadoPago, observaciones) VALUES (28, 28, TO_DATE('2024-04-02', 'YYYY-MM-DD'), 150.00, 'Tarjeta', 'Pagado', 'N/A');
INSERT INTO Pagos (pago_id,  paciente_id, fechaPago, monto, metodoPago, estadoPago, observaciones) VALUES (29, 29, TO_DATE('2024-04-10', 'YYYY-MM-DD'), 120.00, 'Efectivo', 'Pendiente', 'Espera pago');
INSERT INTO Pagos (pago_id,  paciente_id, fechaPago, monto, metodoPago, estadoPago, observaciones) VALUES (30, 30, TO_DATE('2024-04-25', 'YYYY-MM-DD'), 130.00, 'Transf', 'Pagado', 'N/A');
INSERT INTO Pagos (pago_id,  paciente_id, fechaPago, monto, metodoPago, estadoPago, observaciones) VALUES (31, 31, TO_DATE('2024-05-12', 'YYYY-MM-DD'), 110.00, 'Tarjeta', 'Pendiente', 'Pend verif');
INSERT INTO Pagos (pago_id,  paciente_id, fechaPago, monto, metodoPago, estadoPago, observaciones) VALUES (32, 32, TO_DATE('2024-05-18', 'YYYY-MM-DD'), 100.00, 'Efectivo', 'Pagado', 'Consulta OK');
INSERT INTO Pagos (pago_id,  paciente_id, fechaPago, monto, metodoPago, estadoPago, observaciones) VALUES (33, 33, TO_DATE('2024-06-01', 'YYYY-MM-DD'), 160.00, 'Transf', 'Pagado', 'Confirm transf');
INSERT INTO Pagos (pago_id,  paciente_id, fechaPago, monto, metodoPago, estadoPago, observaciones) VALUES (34, 34, TO_DATE('2024-06-10', 'YYYY-MM-DD'), 145.00, 'Tarjeta', 'Pendiente', 'Pago en rev');
INSERT INTO Pagos (pago_id,  paciente_id, fechaPago, monto, metodoPago, estadoPago, observaciones) VALUES (35, 35, TO_DATE('2024-06-15', 'YYYY-MM-DD'), 130.00, 'Efectivo', 'Pagado', 'Recibo entrega');
INSERT INTO Pagos (pago_id,  paciente_id, fechaPago, monto, metodoPago, estadoPago, observaciones) VALUES (36, 36, TO_DATE('2024-07-01', 'YYYY-MM-DD'), 140.00, 'Transf', 'Pendiente', 'Pendiente pago');
INSERT INTO Pagos (pago_id,  paciente_id, fechaPago, monto, metodoPago, estadoPago, observaciones) VALUES (37, 37, TO_DATE('2024-07-18', 'YYYY-MM-DD'), 150.00, 'Tarjeta', 'Pagado', 'Confirmado');
INSERT INTO Pagos (pago_id,  paciente_id, fechaPago, monto, metodoPago, estadoPago, observaciones) VALUES (38, 38, TO_DATE('2024-07-30', 'YYYY-MM-DD'), 125.00, 'Efectivo', 'Pagado', 'Recibo generado');
INSERT INTO Pagos (pago_id,  paciente_id, fechaPago, monto, metodoPago, estadoPago, observaciones) VALUES (39, 39, TO_DATE('2024-08-10', 'YYYY-MM-DD'), 95.00, 'Transf', 'Pagado', 'N/A');
INSERT INTO Pagos (pago_id,  paciente_id, fechaPago, monto, metodoPago, estadoPago, observaciones) VALUES (40, 40, TO_DATE('2024-08-25', 'YYYY-MM-DD'), 115.00, 'Tarjeta', 'Pendiente', 'Conf en proceso');
INSERT INTO Pagos (pago_id,  paciente_id, fechaPago, monto, metodoPago, estadoPago, observaciones) VALUES (41, 41, TO_DATE('2024-09-10', 'YYYY-MM-DD'), 90.00, 'Efectivo', 'Pagado', 'Recibo emitido');
INSERT INTO Pagos (pago_id,  paciente_id, fechaPago, monto, metodoPago, estadoPago, observaciones) VALUES (42, 42, TO_DATE('2024-09-20', 'YYYY-MM-DD'), 100.00, 'Transf', 'Pendiente', 'Verificación');
INSERT INTO Pagos (pago_id,  paciente_id, fechaPago, monto, metodoPago, estadoPago, observaciones) VALUES (43, 43, TO_DATE('2024-09-30', 'YYYY-MM-DD'), 105.00, 'Tarjeta', 'Pagado', 'N/A');
INSERT INTO Pagos (pago_id,  paciente_id, fechaPago, monto, metodoPago, estadoPago, observaciones) VALUES (44, 44, TO_DATE('2024-10-10', 'YYYY-MM-DD'), 110.00, 'Efectivo', 'Pendiente', 'Por confirmar');
INSERT INTO Pagos (pago_id,  paciente_id, fechaPago, monto, metodoPago, estadoPago, observaciones) VALUES (45, 45, TO_DATE('2024-10-20', 'YYYY-MM-DD'), 120.00, 'Transf', 'Pagado', 'N/A');
INSERT INTO Pagos (pago_id,  paciente_id, fechaPago, monto, metodoPago, estadoPago, observaciones) VALUES (46, 46, TO_DATE('2024-10-30', 'YYYY-MM-DD'), 130.00, 'Tarjeta', 'Pendiente', 'Esperando verif');
INSERT INTO Pagos (pago_id,  paciente_id, fechaPago, monto, metodoPago, estadoPago, observaciones) VALUES (47, 47, TO_DATE('2024-11-10', 'YYYY-MM-DD'), 145.00, 'Efectivo', 'Pagado', 'Recibido en consulta');
INSERT INTO Pagos (pago_id,  paciente_id, fechaPago, monto, metodoPago, estadoPago, observaciones) VALUES (48, 48, TO_DATE('2024-11-20', 'YYYY-MM-DD'), 95.00, 'Transf', 'Pendiente', 'En proceso');
INSERT INTO Pagos (pago_id,  paciente_id, fechaPago, monto, metodoPago, estadoPago, observaciones) VALUES (49, 49, TO_DATE('2024-11-30', 'YYYY-MM-DD'), 100.00, 'Tarjeta', 'Pagado', 'N/A');
INSERT INTO Pagos (pago_id,  paciente_id, fechaPago, monto, metodoPago, estadoPago, observaciones) VALUES (50, 50, TO_DATE('2024-12-10', 'YYYY-MM-DD'), 120.00, 'Efectivo', 'Pagado', 'Recibo generado');






INSERT INTO Citas (cita_id, paciente_id, fechaHora, motivo, estado, observaciones, identificacion, pago_id) VALUES (1, 1, TO_DATE('2023-01-15 09:00', 'YYYY-MM-DD HH24:MI'), 'Chequeo gen', 'Confirmada', 'Paciente puntual', 101, 1);
INSERT INTO Citas (cita_id, paciente_id, fechaHora, motivo, estado, observaciones, identificacion, pago_id) VALUES (2, 2, TO_DATE('2023-02-20 10:30', 'YYYY-MM-DD HH24:MI'), 'Consulta mig', 'Cancelada', 'Reprogra marzo', 102, 2);
INSERT INTO Citas (cita_id, paciente_id, fechaHora, motivo, estado, observaciones, identificacion, pago_id) VALUES (3, 3, TO_DATE('2023-03-25 08:00', 'YYYY-MM-DD HH24:MI'), 'Rev de fiebre', 'Completada', 'Recom descanso', 103, 3);
INSERT INTO Citas (cita_id, paciente_id, fechaHora, motivo, estado, observaciones, identificacion, pago_id) VALUES (4, 4, TO_DATE('2023-04-15 11:00', 'YYYY-MM-DD HH24:MI'), 'Consulta gastro', 'Confirmada', 'Paciente en ayunas', 104, 4);
INSERT INTO Citas (cita_id, paciente_id, fechaHora, motivo, estado, observaciones, identificacion, pago_id) VALUES (5, 5, TO_DATE('2023-05-10 14:00', 'YYYY-MM-DD HH24:MI'), 'Control bronquitis', 'Completada', 'Buen progreso', 105, 5);
INSERT INTO Citas (cita_id, paciente_id, fechaHora, motivo, estado, observaciones, identificacion, pago_id) VALUES (6, 6, TO_DATE('2023-06-12 09:30', 'YYYY-MM-DD HH24:MI'), 'Consulta viral', 'Cancelada', 'Reprogramada junio', 106, 6);
INSERT INTO Citas (cita_id, paciente_id, fechaHora, motivo, estado, observaciones, identificacion, pago_id) VALUES (7, 7, TO_DATE('2023-06-20 10:00', 'YYYY-MM-DD HH24:MI'), 'Control anemia', 'Confirmada', 'Llega a tiempo', 107, 7);
INSERT INTO Citas (cita_id, paciente_id, fechaHora, motivo, estado, observaciones, identificacion, pago_id) VALUES (8, 8, TO_DATE('2023-07-15 13:00', 'YYYY-MM-DD HH24:MI'), 'Consulta lumbar', 'Completada', 'Ejercicio recom', 108, 8);
INSERT INTO Citas (cita_id, paciente_id, fechaHora, motivo, estado, observaciones, identificacion, pago_id) VALUES (9, 9, TO_DATE('2023-07-25 08:30', 'YYYY-MM-DD HH24:MI'), 'Chequeo migraña', 'Confirmada', 'Paciente puntual', 109, 9);
INSERT INTO Citas (cita_id, paciente_id, fechaHora, motivo, estado, observaciones, identificacion, pago_id) VALUES (10, 10, TO_DATE('2023-08-10 15:00', 'YYYY-MM-DD HH24:MI'), 'Consulta digestiva', 'Completada', 'Dieta indicada', 110, 10);
INSERT INTO Citas (cita_id, paciente_id, fechaHora, motivo, estado, observaciones, identificacion, pago_id) VALUES (11, 11, TO_DATE('2023-08-20 09:15', 'YYYY-MM-DD HH24:MI'), 'Control hipotensión', 'Confirmada', 'Buena evolución', 111, 11);
INSERT INTO Citas (cita_id, paciente_id, fechaHora, motivo, estado, observaciones, identificacion, pago_id) VALUES (12, 12, TO_DATE('2023-09-05 11:45', 'YYYY-MM-DD HH24:MI'), 'Control asma', 'Cancelada', 'Repro septiembre', 112, 12);
INSERT INTO Citas (cita_id, paciente_id, fechaHora, motivo, estado, observaciones, identificacion, pago_id) VALUES (13, 13, TO_DATE('2023-09-15 10:00', 'YYYY-MM-DD HH24:MI'), 'Consulta oídos', 'Confirmada', 'Revisión completa', 113, 13);
INSERT INTO Citas (cita_id, paciente_id, fechaHora, motivo, estado, observaciones, identificacion, pago_id) VALUES (14, 14, TO_DATE('2023-10-10 09:30', 'YYYY-MM-DD HH24:MI'), 'Chequeo corazón', 'Completada', 'Sin problemas', 114, 14);
INSERT INTO Citas (cita_id, paciente_id, fechaHora, motivo, estado, observaciones, identificacion, pago_id) VALUES (15, 15, TO_DATE('2023-10-20 13:45', 'YYYY-MM-DD HH24:MI'), 'Control diabetes', 'Confirmada', 'Medicamento ajustado', 115, 15);
INSERT INTO Citas (cita_id, paciente_id, fechaHora, motivo, estado, observaciones, identificacion, pago_id) VALUES (16, 16, TO_DATE('2023-11-05 15:00', 'YYYY-MM-DD HH24:MI'), 'Chequeo general', 'Cancelada', 'Paciente avisó tarde', 116, 16);
INSERT INTO Citas (cita_id, paciente_id, fechaHora, motivo, estado, observaciones, identificacion, pago_id) VALUES (17, 17, TO_DATE('2023-11-15 08:30', 'YYYY-MM-DD HH24:MI'), 'Consulta rodilla', 'Completada', 'En recuperación', 117, 17);
INSERT INTO Citas (cita_id, paciente_id, fechaHora, motivo, estado, observaciones, identificacion, pago_id) VALUES (18, 18, TO_DATE('2023-12-01 10:45', 'YYYY-MM-DD HH24:MI'), 'Ctrol hipertensión', 'Confirmada', 'Paciente estable', 118, 18);
INSERT INTO Citas (cita_id, paciente_id, fechaHora, motivo, estado, observaciones, identificacion, pago_id) VALUES (19, 19, TO_DATE('2023-12-15 09:00', 'YYYY-MM-DD HH24:MI'), 'Chequeo columna', 'Completada', 'Ejercicios indicados', 119, 19);
INSERT INTO Citas (cita_id, paciente_id, fechaHora, motivo, estado, observaciones, identificacion, pago_id) VALUES (20, 20, TO_DATE('2024-01-10 11:30', 'YYYY-MM-DD HH24:MI'), 'Control gripal', 'Cancelada', 'Paciente no asistió', 120, 20);
INSERT INTO Citas (cita_id, paciente_id, fechaHora, motivo, estado, observaciones, identificacion, pago_id) VALUES (21, 21, TO_DATE('2024-01-20 14:00', 'YYYY-MM-DD HH24:MI'), 'Consulta dental', 'Confirmada', 'Todo en orden', 121, 21);
INSERT INTO Citas (cita_id, paciente_id, fechaHora, motivo, estado, observaciones, identificacion, pago_id) VALUES (22, 22, TO_DATE('2024-02-05 15:30', 'YYYY-MM-DD HH24:MI'), 'Chquo postoperatorio', 'Completada', 'Buen progreso', 122, 22);
INSERT INTO Citas (cita_id, paciente_id, fechaHora, motivo, estado, observaciones, identificacion, pago_id) VALUES (23, 23, TO_DATE('2024-02-15 09:45', 'YYYY-MM-DD HH24:MI'), 'Consulta dental', 'Confirmada', 'Tratamiento indicado', 123, 23);
INSERT INTO Citas (cita_id, paciente_id, fechaHora, motivo, estado, observaciones, identificacion, pago_id) VALUES (24, 24, TO_DATE('2024-03-01 13:00', 'YYYY-MM-DD HH24:MI'), 'Chequeo general', 'Cancelada', 'Sin aviso previo', 124, 24);
INSERT INTO Citas (cita_id, paciente_id, fechaHora, motivo, estado, observaciones, identificacion, pago_id) VALUES (25, 25, TO_DATE('2024-03-15 11:15', 'YYYY-MM-DD HH24:MI'), 'Control renal', 'Completada', 'Estable', 125, 25);
INSERT INTO Citas (cita_id, paciente_id, fechaHora, motivo, estado, observaciones, identificacion, pago_id) VALUES (26, 26, TO_DATE('2024-03-20 10:30', 'YYYY-MM-DD HH24:MI'), 'Chequeo pulmonar', 'Confirmada', 'Resultados normales', 126, 26);
INSERT INTO Citas (cita_id, paciente_id, fechaHora, motivo, estado, observaciones, identificacion, pago_id) VALUES (27, 27, TO_DATE('2024-03-25 14:15', 'YYYY-MM-DD HH24:MI'), 'Consulta visión', 'Completada', 'Nueva fórmula para lentes', 127, 27);
INSERT INTO Citas (cita_id, paciente_id, fechaHora, motivo, estado, observaciones, identificacion, pago_id) VALUES (28, 28, TO_DATE('2024-04-05 09:45', 'YYYY-MM-DD HH24:MI'), 'Chequeo general', 'Cancelada', 'Sin razones indicadas', 128, 28);
INSERT INTO Citas (cita_id, paciente_id, fechaHora, motivo, estado, observaciones, identificacion, pago_id) VALUES (29, 29, TO_DATE('2024-04-10 13:30', 'YYYY-MM-DD HH24:MI'), 'Control cardiaco', 'Confirmada', 'Paciente estable', 129, 29);
INSERT INTO Citas (cita_id, paciente_id, fechaHora, motivo, estado, observaciones, identificacion, pago_id) VALUES (30, 30, TO_DATE('2024-04-20 11:00', 'YYYY-MM-DD HH24:MI'), 'Consulta pediátrica', 'Completada', 'Revisión satisfactoria', 130, 30);
INSERT INTO Citas (cita_id, paciente_id, fechaHora, motivo, estado, observaciones, identificacion, pago_id) VALUES (31, 31, TO_DATE('2024-04-25 15:45', 'YYYY-MM-DD HH24:MI'), 'Chequeo digestivo', 'Confirmada', 'Dieta recomendada', 131, 31);
INSERT INTO Citas (cita_id, paciente_id, fechaHora, motivo, estado, observaciones, identificacion, pago_id) VALUES (32, 32, TO_DATE('2024-05-01 08:15', 'YYYY-MM-DD HH24:MI'), 'Control nutrición', 'Cancelada', 'Paciente reprogramará', 132, 32);
INSERT INTO Citas (cita_id, paciente_id, fechaHora, motivo, estado, observaciones, identificacion, pago_id) VALUES (33, 33, TO_DATE('2024-05-10 10:30', 'YYYY-MM-DD HH24:MI'), 'Consulta hombro', 'Completada', 'Rehabilitación indicada', 133, 33);
INSERT INTO Citas (cita_id, paciente_id, fechaHora, motivo, estado, observaciones, identificacion, pago_id) VALUES (34, 34, TO_DATE('2024-05-15 09:00', 'YYYY-MM-DD HH24:MI'), 'Chequeo hepático', 'Confirmada', 'Revisión anual', 134, 34);
INSERT INTO Citas (cita_id, paciente_id, fechaHora, motivo, estado, observaciones, identificacion, pago_id) VALUES (35, 35, TO_DATE('2024-05-20 14:45', 'YYYY-MM-DD HH24:MI'), 'Consulta quirurgica', 'Completada', 'Todo en orden', 135, 35);
INSERT INTO Citas (cita_id, paciente_id, fechaHora, motivo, estado, observaciones, identificacion, pago_id) VALUES (36, 36, TO_DATE('2024-05-25 10:15', 'YYYY-MM-DD HH24:MI'), 'Chequeo hepático', 'Cancelada', 'Paciente notificó', 136, 36);
INSERT INTO Citas (cita_id, paciente_id, fechaHora, motivo, estado, observaciones, identificacion, pago_id) VALUES (37, 37, TO_DATE('2024-06-01 13:00', 'YYYY-MM-DD HH24:MI'), 'Chequeo general', 'Completada', 'Resultados normales', 137, 37);
INSERT INTO Citas (cita_id, paciente_id, fechaHora, motivo, estado, observaciones, identificacion, pago_id) VALUES (38, 38, TO_DATE('2024-06-05 11:30', 'YYYY-MM-DD HH24:MI'), 'Consulta alérgica', 'Confirmada', 'Evitar alérgenos comunes', 138, 38);
INSERT INTO Citas (cita_id, paciente_id, fechaHora, motivo, estado, observaciones, identificacion, pago_id) VALUES (39, 39, TO_DATE('2024-06-10 09:30', 'YYYY-MM-DD HH24:MI'), 'Control pulmonar', 'Cancelada', 'Sin aviso previo', 139, 39);
INSERT INTO Citas (cita_id, paciente_id, fechaHora, motivo, estado, observaciones, identificacion, pago_id) VALUES (40, 40, TO_DATE('2024-06-15 14:45', 'YYYY-MM-DD HH24:MI'), 'Consulta auditiva', 'Confirmada', 'Se detectó leve pérdida', 140, 40);
INSERT INTO Citas (cita_id, paciente_id, fechaHora, motivo, estado, observaciones, identificacion, pago_id) VALUES (41, 41, TO_DATE('2024-06-20 10:15', 'YYYY-MM-DD HH24:MI'), 'Control auditivo', 'Completada', 'Tratamiento recetado', 141, 41);
INSERT INTO Citas (cita_id, paciente_id, fechaHora, motivo, estado, observaciones, identificacion, pago_id) VALUES (42, 42, TO_DATE('2024-06-25 12:30', 'YYYY-MM-DD HH24:MI'), 'Chequeo endocrino', 'Confirmada', 'Estudios adicionales solicitados', 142, 42);
INSERT INTO Citas (cita_id, paciente_id, fechaHora, motivo, estado, observaciones, identificacion, pago_id) VALUES (43, 43, TO_DATE('2024-07-01 09:45', 'YYYY-MM-DD HH24:MI'), 'Consult respiratoria', 'Cancelada', 'Paciente reprogramará', 143, 43);
INSERT INTO Citas (cita_id, paciente_id, fechaHora, motivo, estado, observaciones, identificacion, pago_id) VALUES (44, 44, TO_DATE('2024-07-05 11:00', 'YYYY-MM-DD HH24:MI'), 'Control neurológico', 'Completada', 'Nuevos medicamentos indicados', 144, 44);
INSERT INTO Citas (cita_id, paciente_id, fechaHora, motivo, estado, observaciones, identificacion, pago_id) VALUES (45, 45, TO_DATE('2024-07-10 08:30', 'YYYY-MM-DD HH24:MI'), 'Chequeo ortopédico', 'Confirmada', 'Ejercicios recomendados', 145, 45);
INSERT INTO Citas (cita_id, paciente_id, fechaHora, motivo, estado, observaciones, identificacion, pago_id) VALUES (46, 46, TO_DATE('2024-07-15 14:15', 'YYYY-MM-DD HH24:MI'), 'Consulta geriátrica', 'Completada', 'Sin cambios significativos', 146, 46);
INSERT INTO Citas (cita_id, paciente_id, fechaHora, motivo, estado, observaciones, identificacion, pago_id) VALUES (47, 47, TO_DATE('2024-07-20 10:00', 'YYYY-MM-DD HH24:MI'), 'Chequeo pediátrico', 'Cancelada', 'Paciente no asistió', 147, 47);
INSERT INTO Citas (cita_id, paciente_id, fechaHora, motivo, estado, observaciones, identificacion, pago_id) VALUES (48, 48, TO_DATE('2024-07-25 13:45', 'YYYY-MM-DD HH24:MI'), 'Control nutrición', 'Completada', 'Plan alimenticio ajustado', 148, 48);
INSERT INTO Citas (cita_id, paciente_id, fechaHora, motivo, estado, observaciones, identificacion, pago_id) VALUES (49, 49, TO_DATE('2024-08-01 09:15', 'YYYY-MM-DD HH24:MI'), 'Consulta dental', 'Confirmada', 'Limpieza realizada', 149, 49);
INSERT INTO Citas (cita_id, paciente_id, fechaHora, motivo, estado, observaciones, identificacion, pago_id) VALUES (50, 50, TO_DATE('2024-08-05 11:30', 'YYYY-MM-DD HH24:MI'), 'Chequeo general', 'Completada', 'Todo en orden', 150, 50);











INSERT INTO DireccionesEntidad (direccion, nombre_entidad) VALUES ('Calle 1, Madrid', 'HospCentral');
INSERT INTO DireccionesEntidad (direccion, nombre_entidad) VALUES ('Av 5, Barcelona', 'ClinNorte');
INSERT INTO DireccionesEntidad (direccion, nombre_entidad) VALUES ('Calle 9, Valencia', 'HospSur');
INSERT INTO DireccionesEntidad (direccion, nombre_entidad) VALUES ('Calle 3, Sevilla', 'ClinEste');
INSERT INTO DireccionesEntidad (direccion, nombre_entidad) VALUES ('Av 12, Málaga', 'HospOeste');
INSERT INTO DireccionesEntidad (direccion, nombre_entidad) VALUES ('Paseo 4, Bilbao', 'ClinCentro');
INSERT INTO DireccionesEntidad (direccion, nombre_entidad) VALUES ('Calle 7, Madrid', 'HospNorte');
INSERT INTO DireccionesEntidad (direccion, nombre_entidad) VALUES ('Av 20, Valencia', 'SaludSur');
INSERT INTO DireccionesEntidad (direccion, nombre_entidad) VALUES ('Calle 6, Murcia', 'ClinSaludEste');
INSERT INTO DireccionesEntidad (direccion, nombre_entidad) VALUES ('Calle 11, León', 'HospSanLuis');
INSERT INTO DireccionesEntidad (direccion, nombre_entidad) VALUES ('Av 9, Madrid', 'MedicoMadrid');
INSERT INTO DireccionesEntidad (direccion, nombre_entidad) VALUES ('Calle 14, Granada', 'ClinSanJose');
INSERT INTO DireccionesEntidad (direccion, nombre_entidad) VALUES ('Av 2, Valencia', 'HospDelMar');
INSERT INTO DireccionesEntidad (direccion, nombre_entidad) VALUES ('Paseo 6, Murcia', 'ClinLasFlores');
INSERT INTO DireccionesEntidad (direccion, nombre_entidad) VALUES ('Calle 8, Bilbao', 'SaludOeste');
INSERT INTO DireccionesEntidad (direccion, nombre_entidad) VALUES ('Av 13, Sevilla', 'HospSanPedro');
INSERT INTO DireccionesEntidad (direccion, nombre_entidad) VALUES ('Calle 10, Alicante', 'ClinLaLuz');
INSERT INTO DireccionesEntidad (direccion, nombre_entidad) VALUES ('Paseo 5, Barcelona', 'MedicoBarcelona');
INSERT INTO DireccionesEntidad (direccion, nombre_entidad) VALUES ('Av 3, Zaragoza', 'ClinSanMartin');
INSERT INTO DireccionesEntidad (direccion, nombre_entidad) VALUES ('Calle 12, Valencia', 'HospVirLaLuz');
INSERT INTO DireccionesEntidad (direccion, nombre_entidad) VALUES ('Av 15, Málaga', 'ClinSantaAna');
INSERT INTO DireccionesEntidad (direccion, nombre_entidad) VALUES ('Calle 2, Madrid', 'SaludCentro');
INSERT INTO DireccionesEntidad (direccion, nombre_entidad) VALUES ('Paseo 7, Sevilla', 'HospSanRafael');
INSERT INTO DireccionesEntidad (direccion, nombre_entidad) VALUES ('Calle 5, León', 'ClinDelNorte');
INSERT INTO DireccionesEntidad (direccion, nombre_entidad) VALUES ('Av 16, Granada', 'MedicoSevilla');
INSERT INTO DireccionesEntidad (direccion, nombre_entidad) VALUES ('Calle 13, Alicante', 'ClinSanAndres');
INSERT INTO DireccionesEntidad (direccion, nombre_entidad) VALUES ('Paseo 8, Murcia', 'HospSanMiguel');
INSERT INTO DireccionesEntidad (direccion, nombre_entidad) VALUES ('Calle 15, Bilbao', 'ClinRio');
INSERT INTO DireccionesEntidad (direccion, nombre_entidad) VALUES ('Av 18, Madrid', 'MedicoValencia');
INSERT INTO DireccionesEntidad (direccion, nombre_entidad) VALUES ('Calle 17, Málaga', 'ClinSanJuan');
INSERT INTO DireccionesEntidad (direccion, nombre_entidad) VALUES ('Paseo 10, Sevilla', 'HospSanFernando');
INSERT INTO DireccionesEntidad (direccion, nombre_entidad) VALUES ('Calle 19, Zaragoza', 'ClinDelSol');
INSERT INTO DireccionesEntidad (direccion, nombre_entidad) VALUES ('Av 21, Murcia', 'MedicoGranada');
INSERT INTO DireccionesEntidad (direccion, nombre_entidad) VALUES ('Calle 20, Valencia', 'ClinSanAntonio');
INSERT INTO DireccionesEntidad (direccion, nombre_entidad) VALUES ('Paseo 2, Madrid', 'HospSanMarcos');
INSERT INTO DireccionesEntidad (direccion, nombre_entidad) VALUES ('Calle 22, Barcelona', 'ClinVerde');
INSERT INTO DireccionesEntidad (direccion, nombre_entidad) VALUES ('Av 25, Sevilla', 'SaludLevante');
INSERT INTO DireccionesEntidad (direccion, nombre_entidad) VALUES ('Calle 23, Zaragoza', 'HospSanJavier');
INSERT INTO DireccionesEntidad (direccion, nombre_entidad) VALUES ('Paseo 3, Málaga', 'ClinSantaIsabel');
INSERT INTO DireccionesEntidad (direccion, nombre_entidad) VALUES ('Av 19, León', 'MedicoMalaga');
INSERT INTO DireccionesEntidad (direccion, nombre_entidad) VALUES ('Calle 26, Alicante', 'ClinSanCarlos');
INSERT INTO DireccionesEntidad (direccion, nombre_entidad) VALUES ('Paseo 9, Valencia', 'HospSantaMaria');
INSERT INTO DireccionesEntidad (direccion, nombre_entidad) VALUES ('Calle 27, Bilbao', 'ClinSanVicente');
INSERT INTO DireccionesEntidad (direccion, nombre_entidad) VALUES ('Av 22, Madrid', 'MedicoAlicante');
INSERT INTO DireccionesEntidad (direccion, nombre_entidad) VALUES ('Calle 29, Barcelona', 'ClinSanLucas');
INSERT INTO DireccionesEntidad (direccion, nombre_entidad) VALUES ('Paseo 11, Murcia', 'HospSanIgnacio');
INSERT INTO DireccionesEntidad (direccion, nombre_entidad) VALUES ('Calle 28, Valencia', 'ClinSanPablo');



INSERT INTO TieneDiagnosticos (historia_id, diagnostico_id) VALUES (1, 1);
INSERT INTO TieneDiagnosticos (historia_id, diagnostico_id) VALUES (2, 2);
INSERT INTO TieneDiagnosticos (historia_id, diagnostico_id) VALUES (3, 3);
INSERT INTO TieneDiagnosticos (historia_id, diagnostico_id) VALUES (4, 4);
INSERT INTO TieneDiagnosticos (historia_id, diagnostico_id) VALUES (5, 5);
INSERT INTO TieneDiagnosticos (historia_id, diagnostico_id) VALUES (6, 6);
INSERT INTO TieneDiagnosticos (historia_id, diagnostico_id) VALUES (7, 7);
INSERT INTO TieneDiagnosticos (historia_id, diagnostico_id) VALUES (8, 8);
INSERT INTO TieneDiagnosticos (historia_id, diagnostico_id) VALUES (9, 9);
INSERT INTO TieneDiagnosticos (historia_id, diagnostico_id) VALUES (10, 10);
INSERT INTO TieneDiagnosticos (historia_id, diagnostico_id) VALUES (11, 11);
INSERT INTO TieneDiagnosticos (historia_id, diagnostico_id) VALUES (12, 12);
INSERT INTO TieneDiagnosticos (historia_id, diagnostico_id) VALUES (13, 13);
INSERT INTO TieneDiagnosticos (historia_id, diagnostico_id) VALUES (14, 14);
INSERT INTO TieneDiagnosticos (historia_id, diagnostico_id) VALUES (15, 15);
INSERT INTO TieneDiagnosticos (historia_id, diagnostico_id) VALUES (16, 16);
INSERT INTO TieneDiagnosticos (historia_id, diagnostico_id) VALUES (17, 17);
INSERT INTO TieneDiagnosticos (historia_id, diagnostico_id) VALUES (18, 18);
INSERT INTO TieneDiagnosticos (historia_id, diagnostico_id) VALUES (19, 19);
INSERT INTO TieneDiagnosticos (historia_id, diagnostico_id) VALUES (20, 20);
INSERT INTO TieneDiagnosticos (historia_id, diagnostico_id) VALUES (21, 21);
INSERT INTO TieneDiagnosticos (historia_id, diagnostico_id) VALUES (22, 22);
INSERT INTO TieneDiagnosticos (historia_id, diagnostico_id) VALUES (23, 23);
INSERT INTO TieneDiagnosticos (historia_id, diagnostico_id) VALUES (24, 24);
INSERT INTO TieneDiagnosticos (historia_id, diagnostico_id) VALUES (25, 25);
INSERT INTO TieneDiagnosticos (historia_id, diagnostico_id) VALUES (26, 26);
INSERT INTO TieneDiagnosticos (historia_id, diagnostico_id) VALUES (27, 27);
INSERT INTO TieneDiagnosticos (historia_id, diagnostico_id) VALUES (28, 28);
INSERT INTO TieneDiagnosticos (historia_id, diagnostico_id) VALUES (29, 29);
INSERT INTO TieneDiagnosticos (historia_id, diagnostico_id) VALUES (30, 30);
INSERT INTO TieneDiagnosticos (historia_id, diagnostico_id) VALUES (31, 31);
INSERT INTO TieneDiagnosticos (historia_id, diagnostico_id) VALUES (32, 32);
INSERT INTO TieneDiagnosticos (historia_id, diagnostico_id) VALUES (33, 33);
INSERT INTO TieneDiagnosticos (historia_id, diagnostico_id) VALUES (34, 34);
INSERT INTO TieneDiagnosticos (historia_id, diagnostico_id) VALUES (35, 35);
INSERT INTO TieneDiagnosticos (historia_id, diagnostico_id) VALUES (36, 36);
INSERT INTO TieneDiagnosticos (historia_id, diagnostico_id) VALUES (37, 37);
INSERT INTO TieneDiagnosticos (historia_id, diagnostico_id) VALUES (38, 38);
INSERT INTO TieneDiagnosticos (historia_id, diagnostico_id) VALUES (39, 39);
INSERT INTO TieneDiagnosticos (historia_id, diagnostico_id) VALUES (40, 40);
INSERT INTO TieneDiagnosticos (historia_id, diagnostico_id) VALUES (41, 41);
INSERT INTO TieneDiagnosticos (historia_id, diagnostico_id) VALUES (42, 42);
INSERT INTO TieneDiagnosticos (historia_id, diagnostico_id) VALUES (43, 43);
INSERT INTO TieneDiagnosticos (historia_id, diagnostico_id) VALUES (44, 44);
INSERT INTO TieneDiagnosticos (historia_id, diagnostico_id) VALUES (45, 45);
INSERT INTO TieneDiagnosticos (historia_id, diagnostico_id) VALUES (46, 46);
INSERT INTO TieneDiagnosticos (historia_id, diagnostico_id) VALUES (47, 47);
INSERT INTO TieneDiagnosticos (historia_id, diagnostico_id) VALUES (48, 48);
INSERT INTO TieneDiagnosticos (historia_id, diagnostico_id) VALUES (49, 49);
INSERT INTO TieneDiagnosticos (historia_id, diagnostico_id) VALUES (50, 50);



INSERT INTO PideMedicamentos (id_paciente, id_medicamentos) VALUES (1, 1);
INSERT INTO PideMedicamentos (id_paciente, id_medicamentos) VALUES (2, 2);
INSERT INTO PideMedicamentos (id_paciente, id_medicamentos) VALUES (3, 3);
INSERT INTO PideMedicamentos (id_paciente, id_medicamentos) VALUES (4, 4);
INSERT INTO PideMedicamentos (id_paciente, id_medicamentos) VALUES (5, 5);
INSERT INTO PideMedicamentos (id_paciente, id_medicamentos) VALUES (6, 6);
INSERT INTO PideMedicamentos (id_paciente, id_medicamentos) VALUES (7, 7);
INSERT INTO PideMedicamentos (id_paciente, id_medicamentos) VALUES (8, 8);
INSERT INTO PideMedicamentos (id_paciente, id_medicamentos) VALUES (9, 9);
INSERT INTO PideMedicamentos (id_paciente, id_medicamentos) VALUES (10, 10);
INSERT INTO PideMedicamentos (id_paciente, id_medicamentos) VALUES (11, 11);
INSERT INTO PideMedicamentos (id_paciente, id_medicamentos) VALUES (12, 12);
INSERT INTO PideMedicamentos (id_paciente, id_medicamentos) VALUES (13, 13);
INSERT INTO PideMedicamentos (id_paciente, id_medicamentos) VALUES (14, 14);
INSERT INTO PideMedicamentos (id_paciente, id_medicamentos) VALUES (15, 15);
INSERT INTO PideMedicamentos (id_paciente, id_medicamentos) VALUES (16, 16);
INSERT INTO PideMedicamentos (id_paciente, id_medicamentos) VALUES (17, 17);
INSERT INTO PideMedicamentos (id_paciente, id_medicamentos) VALUES (18, 18);
INSERT INTO PideMedicamentos (id_paciente, id_medicamentos) VALUES (19, 19);
INSERT INTO PideMedicamentos (id_paciente, id_medicamentos) VALUES (20, 20);
INSERT INTO PideMedicamentos (id_paciente, id_medicamentos) VALUES (21, 21);
INSERT INTO PideMedicamentos (id_paciente, id_medicamentos) VALUES (22, 22);
INSERT INTO PideMedicamentos (id_paciente, id_medicamentos) VALUES (23, 23);
INSERT INTO PideMedicamentos (id_paciente, id_medicamentos) VALUES (24, 24);
INSERT INTO PideMedicamentos (id_paciente, id_medicamentos) VALUES (25, 25);
INSERT INTO PideMedicamentos (id_paciente, id_medicamentos) VALUES (26, 26);
INSERT INTO PideMedicamentos (id_paciente, id_medicamentos) VALUES (27, 27);
INSERT INTO PideMedicamentos (id_paciente, id_medicamentos) VALUES (28, 28);
INSERT INTO PideMedicamentos (id_paciente, id_medicamentos) VALUES (29, 29);
INSERT INTO PideMedicamentos (id_paciente, id_medicamentos) VALUES (30, 30);
INSERT INTO PideMedicamentos (id_paciente, id_medicamentos) VALUES (31, 31);
INSERT INTO PideMedicamentos (id_paciente, id_medicamentos) VALUES (32, 32);
INSERT INTO PideMedicamentos (id_paciente, id_medicamentos) VALUES (33, 33);
INSERT INTO PideMedicamentos (id_paciente, id_medicamentos) VALUES (34, 34);
INSERT INTO PideMedicamentos (id_paciente, id_medicamentos) VALUES (35, 35);
INSERT INTO PideMedicamentos (id_paciente, id_medicamentos) VALUES (36, 36);
INSERT INTO PideMedicamentos (id_paciente, id_medicamentos) VALUES (37, 37);
INSERT INTO PideMedicamentos (id_paciente, id_medicamentos) VALUES (38, 38);
INSERT INTO PideMedicamentos (id_paciente, id_medicamentos) VALUES (39, 39);
INSERT INTO PideMedicamentos (id_paciente, id_medicamentos) VALUES (40, 40);
INSERT INTO PideMedicamentos (id_paciente, id_medicamentos) VALUES (41, 41);
INSERT INTO PideMedicamentos (id_paciente, id_medicamentos) VALUES (42, 42);
INSERT INTO PideMedicamentos (id_paciente, id_medicamentos) VALUES (43, 43);
INSERT INTO PideMedicamentos (id_paciente, id_medicamentos) VALUES (44, 44);
INSERT INTO PideMedicamentos (id_paciente, id_medicamentos) VALUES (45, 45);
INSERT INTO PideMedicamentos (id_paciente, id_medicamentos) VALUES (46, 46);
INSERT INTO PideMedicamentos (id_paciente, id_medicamentos) VALUES (47, 47);
INSERT INTO PideMedicamentos (id_paciente, id_medicamentos) VALUES (48, 48);
INSERT INTO PideMedicamentos (id_paciente, id_medicamentos) VALUES (49, 49);
INSERT INTO PideMedicamentos (id_paciente, id_medicamentos) VALUES (50, 50);


INSERT INTO ProveeMedicamentos (nombre_entidad, id_medicamentos) VALUES ('HospCentral', 1);
INSERT INTO ProveeMedicamentos (nombre_entidad, id_medicamentos) VALUES ('ClinNorte', 2);
INSERT INTO ProveeMedicamentos (nombre_entidad, id_medicamentos) VALUES ('HospSur', 3);
INSERT INTO ProveeMedicamentos (nombre_entidad, id_medicamentos) VALUES ('ClinEste', 4);
INSERT INTO ProveeMedicamentos (nombre_entidad, id_medicamentos) VALUES ('HospOeste', 5);
INSERT INTO ProveeMedicamentos (nombre_entidad, id_medicamentos) VALUES ('ClinCentro', 6);
INSERT INTO ProveeMedicamentos (nombre_entidad, id_medicamentos) VALUES ('HospNorte', 7);
INSERT INTO ProveeMedicamentos (nombre_entidad, id_medicamentos) VALUES ('SaludSur', 8);
INSERT INTO ProveeMedicamentos (nombre_entidad, id_medicamentos) VALUES ('ClinSaludEste', 9);
INSERT INTO ProveeMedicamentos (nombre_entidad, id_medicamentos) VALUES ('HospSanLuis', 10);
INSERT INTO ProveeMedicamentos (nombre_entidad, id_medicamentos) VALUES ('MedicoMadrid', 11);
INSERT INTO ProveeMedicamentos (nombre_entidad, id_medicamentos) VALUES ('ClinSanJose', 12);
INSERT INTO ProveeMedicamentos (nombre_entidad, id_medicamentos) VALUES ('HospDelMar', 13);
INSERT INTO ProveeMedicamentos (nombre_entidad, id_medicamentos) VALUES ('ClinLasFlores', 14);
INSERT INTO ProveeMedicamentos (nombre_entidad, id_medicamentos) VALUES ('SaludOeste', 15);
INSERT INTO ProveeMedicamentos (nombre_entidad, id_medicamentos) VALUES ('HospSanPedro', 16);
INSERT INTO ProveeMedicamentos (nombre_entidad, id_medicamentos) VALUES ('ClinLaLuz', 17);
INSERT INTO ProveeMedicamentos (nombre_entidad, id_medicamentos) VALUES ('MedicoBarcelona', 18);
INSERT INTO ProveeMedicamentos (nombre_entidad, id_medicamentos) VALUES ('ClinSanMartin', 19);
INSERT INTO ProveeMedicamentos (nombre_entidad, id_medicamentos) VALUES ('HospVirLaLuz', 20);
INSERT INTO ProveeMedicamentos (nombre_entidad, id_medicamentos) VALUES ('ClinSantaAna', 21);
INSERT INTO ProveeMedicamentos (nombre_entidad, id_medicamentos) VALUES ('SaludCentro', 22);
INSERT INTO ProveeMedicamentos (nombre_entidad, id_medicamentos) VALUES ('HospSanRafael', 23);
INSERT INTO ProveeMedicamentos (nombre_entidad, id_medicamentos) VALUES ('ClinDelNorte', 24);
INSERT INTO ProveeMedicamentos (nombre_entidad, id_medicamentos) VALUES ('MedicoSevilla', 25);
INSERT INTO ProveeMedicamentos (nombre_entidad, id_medicamentos) VALUES ('ClinSanAndres', 26);
INSERT INTO ProveeMedicamentos (nombre_entidad, id_medicamentos) VALUES ('HospSanMiguel', 27);
INSERT INTO ProveeMedicamentos (nombre_entidad, id_medicamentos) VALUES ('ClinRio', 28);
INSERT INTO ProveeMedicamentos (nombre_entidad, id_medicamentos) VALUES ('MedicoValencia', 29);
INSERT INTO ProveeMedicamentos (nombre_entidad, id_medicamentos) VALUES ('ClinSanJuan', 30);
INSERT INTO ProveeMedicamentos (nombre_entidad, id_medicamentos) VALUES ('HospSanFernando', 31);
INSERT INTO ProveeMedicamentos (nombre_entidad, id_medicamentos) VALUES ('ClinDelSol', 32);
INSERT INTO ProveeMedicamentos (nombre_entidad, id_medicamentos) VALUES ('MedicoGranada', 33);
INSERT INTO ProveeMedicamentos (nombre_entidad, id_medicamentos) VALUES ('ClinSanAntonio', 34);
INSERT INTO ProveeMedicamentos (nombre_entidad, id_medicamentos) VALUES ('HospSanMarcos', 35);
INSERT INTO ProveeMedicamentos (nombre_entidad, id_medicamentos) VALUES ('ClinVerde', 36);
INSERT INTO ProveeMedicamentos (nombre_entidad, id_medicamentos) VALUES ('SaludLevante', 37);
INSERT INTO ProveeMedicamentos (nombre_entidad, id_medicamentos) VALUES ('HospSanJavier', 38);
INSERT INTO ProveeMedicamentos (nombre_entidad, id_medicamentos) VALUES ('ClinSantaIsabel', 39);
INSERT INTO ProveeMedicamentos (nombre_entidad, id_medicamentos) VALUES ('MedicoMalaga', 40);
INSERT INTO ProveeMedicamentos (nombre_entidad, id_medicamentos) VALUES ('ClinSanCarlos', 41);
INSERT INTO ProveeMedicamentos (nombre_entidad, id_medicamentos) VALUES ('HospSantaMaria', 42);
INSERT INTO ProveeMedicamentos (nombre_entidad, id_medicamentos) VALUES ('ClinSanVicente', 43);
INSERT INTO ProveeMedicamentos (nombre_entidad, id_medicamentos) VALUES ('MedicoAlicante', 44);
INSERT INTO ProveeMedicamentos (nombre_entidad, id_medicamentos) VALUES ('ClinSanLucas', 45);
INSERT INTO ProveeMedicamentos (nombre_entidad, id_medicamentos) VALUES ('HospSanIgnacio', 46);
INSERT INTO ProveeMedicamentos (nombre_entidad, id_medicamentos) VALUES ('ClinSanPablo', 47);
INSERT INTO ProveeMedicamentos (nombre_entidad, id_medicamentos) VALUES ('HospCentral', 48);
INSERT INTO ProveeMedicamentos (nombre_entidad, id_medicamentos) VALUES ('ClinNorte', 49);
INSERT INTO ProveeMedicamentos (nombre_entidad, id_medicamentos) VALUES ('HospSur', 50);


INSERT INTO AsignaMedicamentos (id_medicamentos, diagnostico_id) VALUES (1, 1);
INSERT INTO AsignaMedicamentos (id_medicamentos, diagnostico_id) VALUES (2, 2);
INSERT INTO AsignaMedicamentos (id_medicamentos, diagnostico_id) VALUES (3, 3);
INSERT INTO AsignaMedicamentos (id_medicamentos, diagnostico_id) VALUES (4, 4);
INSERT INTO AsignaMedicamentos (id_medicamentos, diagnostico_id) VALUES (5, 5);
INSERT INTO AsignaMedicamentos (id_medicamentos, diagnostico_id) VALUES (6, 6);
INSERT INTO AsignaMedicamentos (id_medicamentos, diagnostico_id) VALUES (7, 7);
INSERT INTO AsignaMedicamentos (id_medicamentos, diagnostico_id) VALUES (8, 8);
INSERT INTO AsignaMedicamentos (id_medicamentos, diagnostico_id) VALUES (9, 9);
INSERT INTO AsignaMedicamentos (id_medicamentos, diagnostico_id) VALUES (10, 10);
INSERT INTO AsignaMedicamentos (id_medicamentos, diagnostico_id) VALUES (11, 11);
INSERT INTO AsignaMedicamentos (id_medicamentos, diagnostico_id) VALUES (12, 12);
INSERT INTO AsignaMedicamentos (id_medicamentos, diagnostico_id) VALUES (13, 13);
INSERT INTO AsignaMedicamentos (id_medicamentos, diagnostico_id) VALUES (14, 14);
INSERT INTO AsignaMedicamentos (id_medicamentos, diagnostico_id) VALUES (15, 15);
INSERT INTO AsignaMedicamentos (id_medicamentos, diagnostico_id) VALUES (16, 16);
INSERT INTO AsignaMedicamentos (id_medicamentos, diagnostico_id) VALUES (17, 17);
INSERT INTO AsignaMedicamentos (id_medicamentos, diagnostico_id) VALUES (18, 18);
INSERT INTO AsignaMedicamentos (id_medicamentos, diagnostico_id) VALUES (19, 19);
INSERT INTO AsignaMedicamentos (id_medicamentos, diagnostico_id) VALUES (20, 20);
INSERT INTO AsignaMedicamentos (id_medicamentos, diagnostico_id) VALUES (21, 21);
INSERT INTO AsignaMedicamentos (id_medicamentos, diagnostico_id) VALUES (22, 22);
INSERT INTO AsignaMedicamentos (id_medicamentos, diagnostico_id) VALUES (23, 23);
INSERT INTO AsignaMedicamentos (id_medicamentos, diagnostico_id) VALUES (24, 24);
INSERT INTO AsignaMedicamentos (id_medicamentos, diagnostico_id) VALUES (25, 25);
INSERT INTO AsignaMedicamentos (id_medicamentos, diagnostico_id) VALUES (26, 26);
INSERT INTO AsignaMedicamentos (id_medicamentos, diagnostico_id) VALUES (27, 27);
INSERT INTO AsignaMedicamentos (id_medicamentos, diagnostico_id) VALUES (28, 28);
INSERT INTO AsignaMedicamentos (id_medicamentos, diagnostico_id) VALUES (29, 29);
INSERT INTO AsignaMedicamentos (id_medicamentos, diagnostico_id) VALUES (30, 30);
INSERT INTO AsignaMedicamentos (id_medicamentos, diagnostico_id) VALUES (31, 31);
INSERT INTO AsignaMedicamentos (id_medicamentos, diagnostico_id) VALUES (32, 32);
INSERT INTO AsignaMedicamentos (id_medicamentos, diagnostico_id) VALUES (33, 33);
INSERT INTO AsignaMedicamentos (id_medicamentos, diagnostico_id) VALUES (34, 34);
INSERT INTO AsignaMedicamentos (id_medicamentos, diagnostico_id) VALUES (35, 35);
INSERT INTO AsignaMedicamentos (id_medicamentos, diagnostico_id) VALUES (36, 36);
INSERT INTO AsignaMedicamentos (id_medicamentos, diagnostico_id) VALUES (37, 37);
INSERT INTO AsignaMedicamentos (id_medicamentos, diagnostico_id) VALUES (38, 38);
INSERT INTO AsignaMedicamentos (id_medicamentos, diagnostico_id) VALUES (39, 39);
INSERT INTO AsignaMedicamentos (id_medicamentos, diagnostico_id) VALUES (40, 40);
INSERT INTO AsignaMedicamentos (id_medicamentos, diagnostico_id) VALUES (41, 41);
INSERT INTO AsignaMedicamentos (id_medicamentos, diagnostico_id) VALUES (42, 42);
INSERT INTO AsignaMedicamentos (id_medicamentos, diagnostico_id) VALUES (43, 43);
INSERT INTO AsignaMedicamentos (id_medicamentos, diagnostico_id) VALUES (44, 44);
INSERT INTO AsignaMedicamentos (id_medicamentos, diagnostico_id) VALUES (45, 45);
INSERT INTO AsignaMedicamentos (id_medicamentos, diagnostico_id) VALUES (46, 46);
INSERT INTO AsignaMedicamentos (id_medicamentos, diagnostico_id) VALUES (47, 47);
INSERT INTO AsignaMedicamentos (id_medicamentos, diagnostico_id) VALUES (48, 48);
INSERT INTO AsignaMedicamentos (id_medicamentos, diagnostico_id) VALUES (49, 49);
INSERT INTO AsignaMedicamentos (id_medicamentos, diagnostico_id) VALUES (50, 50);


INSERT INTO TienePacientes (paciente_id, nombre_entidad) VALUES (1, 'HospCentral');
INSERT INTO TienePacientes (paciente_id, nombre_entidad) VALUES (2, 'ClinNorte');
INSERT INTO TienePacientes (paciente_id, nombre_entidad) VALUES (3, 'HospSur');
INSERT INTO TienePacientes (paciente_id, nombre_entidad) VALUES (4, 'ClinEste');
INSERT INTO TienePacientes (paciente_id, nombre_entidad) VALUES (5, 'HospOeste');
INSERT INTO TienePacientes (paciente_id, nombre_entidad) VALUES (6, 'ClinCentro');
INSERT INTO TienePacientes (paciente_id, nombre_entidad) VALUES (7, 'HospNorte');
INSERT INTO TienePacientes (paciente_id, nombre_entidad) VALUES (8, 'SaludSur');
INSERT INTO TienePacientes (paciente_id, nombre_entidad) VALUES (9, 'ClinSaludEste');
INSERT INTO TienePacientes (paciente_id, nombre_entidad) VALUES (10, 'HospSanLuis');
INSERT INTO TienePacientes (paciente_id, nombre_entidad) VALUES (11, 'MedicoMadrid');
INSERT INTO TienePacientes (paciente_id, nombre_entidad) VALUES (12, 'ClinSanJose');
INSERT INTO TienePacientes (paciente_id, nombre_entidad) VALUES (13, 'HospDelMar');
INSERT INTO TienePacientes (paciente_id, nombre_entidad) VALUES (14, 'ClinLasFlores');
INSERT INTO TienePacientes (paciente_id, nombre_entidad) VALUES (15, 'SaludOeste');
INSERT INTO TienePacientes (paciente_id, nombre_entidad) VALUES (16, 'HospSanPedro');
INSERT INTO TienePacientes (paciente_id, nombre_entidad) VALUES (17, 'ClinLaLuz');
INSERT INTO TienePacientes (paciente_id, nombre_entidad) VALUES (18, 'MedicoBarcelona');
INSERT INTO TienePacientes (paciente_id, nombre_entidad) VALUES (19, 'ClinSanMartin');
INSERT INTO TienePacientes (paciente_id, nombre_entidad) VALUES (20, 'HospVirLaLuz');
INSERT INTO TienePacientes (paciente_id, nombre_entidad) VALUES (21, 'ClinSantaAna');
INSERT INTO TienePacientes (paciente_id, nombre_entidad) VALUES (22, 'SaludCentro');
INSERT INTO TienePacientes (paciente_id, nombre_entidad) VALUES (23, 'HospSanRafael');
INSERT INTO TienePacientes (paciente_id, nombre_entidad) VALUES (24, 'ClinDelNorte');
INSERT INTO TienePacientes (paciente_id, nombre_entidad) VALUES (25, 'MedicoSevilla');
INSERT INTO TienePacientes (paciente_id, nombre_entidad) VALUES (26, 'ClinSanAndres');
INSERT INTO TienePacientes (paciente_id, nombre_entidad) VALUES (27, 'HospSanMiguel');
INSERT INTO TienePacientes (paciente_id, nombre_entidad) VALUES (28, 'ClinRio');
INSERT INTO TienePacientes (paciente_id, nombre_entidad) VALUES (29, 'MedicoValencia');
INSERT INTO TienePacientes (paciente_id, nombre_entidad) VALUES (30, 'ClinSanJuan');
INSERT INTO TienePacientes (paciente_id, nombre_entidad) VALUES (31, 'HospSanFernando');
INSERT INTO TienePacientes (paciente_id, nombre_entidad) VALUES (32, 'ClinDelSol');
INSERT INTO TienePacientes (paciente_id, nombre_entidad) VALUES (33, 'MedicoGranada');
INSERT INTO TienePacientes (paciente_id, nombre_entidad) VALUES (34, 'ClinSanAntonio');
INSERT INTO TienePacientes (paciente_id, nombre_entidad) VALUES (35, 'HospSanMarcos');
INSERT INTO TienePacientes (paciente_id, nombre_entidad) VALUES (36, 'ClinVerde');
INSERT INTO TienePacientes (paciente_id, nombre_entidad) VALUES (37, 'SaludLevante');
INSERT INTO TienePacientes (paciente_id, nombre_entidad) VALUES (38, 'HospSanJavier');
INSERT INTO TienePacientes (paciente_id, nombre_entidad) VALUES (39, 'ClinSantaIsabel');
INSERT INTO TienePacientes (paciente_id, nombre_entidad) VALUES (40, 'MedicoMalaga');
INSERT INTO TienePacientes (paciente_id, nombre_entidad) VALUES (41, 'ClinSanCarlos');
INSERT INTO TienePacientes (paciente_id, nombre_entidad) VALUES (42, 'HospSantaMaria');
INSERT INTO TienePacientes (paciente_id, nombre_entidad) VALUES (43, 'ClinSanVicente');
INSERT INTO TienePacientes (paciente_id, nombre_entidad) VALUES (44, 'MedicoAlicante');
INSERT INTO TienePacientes (paciente_id, nombre_entidad) VALUES (45, 'ClinSanLucas');
INSERT INTO TienePacientes (paciente_id, nombre_entidad) VALUES (46, 'HospSanIgnacio');
INSERT INTO TienePacientes (paciente_id, nombre_entidad) VALUES (47, 'ClinSanPablo');
INSERT INTO TienePacientes (paciente_id, nombre_entidad) VALUES (48, 'HospCentral');
INSERT INTO TienePacientes (paciente_id, nombre_entidad) VALUES (49, 'ClinNorte');
INSERT INTO TienePacientes (paciente_id, nombre_entidad) VALUES (50, 'HospSur');

INSERT INTO Especialistas (nombre, apellido, identificacion_especialistas, correo, telefono, estado, especialidad, numero_consultorio) VALUES ('Laura', 'Gomez', 101, 'laura.gomez@ejemplo.com', 3001234567, 'Activo', 'Cardiologia', 1);
INSERT INTO Especialistas (nombre, apellido, identificacion_especialistas, correo, telefono, estado, especialidad, numero_consultorio) VALUES ('Carlos', 'Martinez', 102, 'carlos.martinez@ejemplo.com', 3007654321, 'Activo', 'Pediatria', 2);
INSERT INTO Especialistas (nombre, apellido, identificacion_especialistas, correo, telefono, estado, especialidad, numero_consultorio) VALUES ('Ana', 'Fernandez', 103, 'ana.fernandez@ejemplo.com', 3012345678, 'Inactivo', 'Dermatologia', 3);
INSERT INTO Especialistas (nombre, apellido, identificacion_especialistas, correo, telefono, estado, especialidad, numero_consultorio) VALUES ('Juan', 'Perez', 104, 'juan.perez@ejemplo.com', 3004567890, 'Activo', 'Medicina Interna', 4);
INSERT INTO Especialistas (nombre, apellido, identificacion_especialistas, correo, telefono, estado, especialidad, numero_consultorio) VALUES ('Marta', 'Lopez', 105, 'marta.lopez@ejemplo.com', 3005678901, 'Activo', 'Endocrinologia', 5);
INSERT INTO Especialistas (nombre, apellido, identificacion_especialistas, correo, telefono, estado, especialidad, numero_consultorio) VALUES ('Raul', 'Diaz', 106, 'raul.diaz@ejemplo.com', 3006789012, 'Activo', 'Pediatria', 6);
INSERT INTO Especialistas (nombre, apellido, identificacion_especialistas, correo, telefono, estado, especialidad, numero_consultorio) VALUES ('Elena', 'Garcia', 107, 'elena.garcia@ejemplo.com', 3007890123, 'Activo', 'Cirugia', 7);
INSERT INTO Especialistas (nombre, apellido, identificacion_especialistas, correo, telefono, estado, especialidad, numero_consultorio) VALUES ('Luis', 'Ramirez', 108, 'luis.ramirez@ejemplo.com', 3008901234, 'Inactivo', 'Cardiologia', 8);
INSERT INTO Especialistas (nombre, apellido, identificacion_especialistas, correo, telefono, estado, especialidad, numero_consultorio) VALUES ('Maria', 'Fernandez', 109, 'maria.fernandez@ejemplo.com', 3012345678, 'Activo', 'Dermatologia', 9);
INSERT INTO Especialistas (nombre, apellido, identificacion_especialistas, correo, telefono, estado, especialidad, numero_consultorio) VALUES ('Pedro', 'Torres', 110, 'pedro.torres@ejemplo.com', 3013456789, 'Activo', 'Medicina Interna', 10);
INSERT INTO Especialistas (nombre, apellido, identificacion_especialistas, correo, telefono, estado, especialidad, numero_consultorio) VALUES ('Claudia', 'Rojas', 111, 'claudia.rojas@ejemplo.com', 3014567890, 'Inactivo', 'Endocrinologia', 11);
INSERT INTO Especialistas (nombre, apellido, identificacion_especialistas, correo, telefono, estado, especialidad, numero_consultorio) VALUES ('Carlos', 'Navarro', 112, 'carlos.navarro@ejemplo.com', 3015678901, 'Activo', 'Pediatria', 12);
INSERT INTO Especialistas (nombre, apellido, identificacion_especialistas, correo, telefono, estado, especialidad, numero_consultorio) VALUES ('Sandra', 'Gutierrez', 113, 'sandra.gutierrez@ejemplo.com', 3016789012, 'Activo', 'Cirugia', 13);
INSERT INTO Especialistas (nombre, apellido, identificacion_especialistas, correo, telefono, estado, especialidad, numero_consultorio) VALUES ('Andres', 'Ortega', 114, 'andres.ortega@ejemplo.com', 3017890123, 'Activo', 'Cardiologia', 14);
INSERT INTO Especialistas (nombre, apellido, identificacion_especialistas, correo, telefono, estado, especialidad, numero_consultorio) VALUES ('Laura', 'Mendoza', 115, 'laura.mendoza@ejemplo.com', 3018901234, 'Activo', 'Dermatologia', 15);
INSERT INTO Especialistas (nombre, apellido, identificacion_especialistas, correo, telefono, estado, especialidad, numero_consultorio) VALUES ('Jorge', 'Castillo', 116, 'jorge.castillo@ejemplo.com', 3021234567, 'Inactivo', 'Medicina Interna', 16);
INSERT INTO Especialistas (nombre, apellido, identificacion_especialistas, correo, telefono, estado, especialidad, numero_consultorio) VALUES ('Paula', 'Jimenez', 117, 'paula.jimenez@ejemplo.com', 3022345678, 'Activo', 'Endocrinologia', 17);
INSERT INTO Especialistas (nombre, apellido, identificacion_especialistas, correo, telefono, estado, especialidad, numero_consultorio) VALUES ('Diego', 'Suarez', 118, 'diego.suarez@ejemplo.com', 3023456789, 'Activo', 'Pediatria', 18);
INSERT INTO Especialistas (nombre, apellido, identificacion_especialistas, correo, telefono, estado, especialidad, numero_consultorio) VALUES ('Gloria', 'Herrera', 119, 'gloria.herrera@ejemplo.com', 3024567890, 'Activo', 'Cirugia', 19);
INSERT INTO Especialistas (nombre, apellido, identificacion_especialistas, correo, telefono, estado, especialidad, numero_consultorio) VALUES ('Ricardo', 'Moreno', 120, 'ricardo.moreno@ejemplo.com', 3025678901, 'Inactivo', 'Cardiologia', 20);
INSERT INTO Especialistas (nombre, apellido, identificacion_especialistas, correo, telefono, estado, especialidad, numero_consultorio) VALUES ('Angela', 'Cruz', 121, 'angela.cruz@ejemplo.com', 3026789012, 'Activo', 'Dermatologia', 21);
INSERT INTO Especialistas (nombre, apellido, identificacion_especialistas, correo, telefono, estado, especialidad, numero_consultorio) VALUES ('Fernando', 'Villalobos', 122, 'fernand.villalobos@ejemplo.com', 3027890123, 'Activo', 'Medicina Interna', 22);
INSERT INTO Especialistas (nombre, apellido, identificacion_especialistas, correo, telefono, estado, especialidad, numero_consultorio) VALUES ('Gabriela', 'Pineda', 123, 'gabriela.pineda@ejemplo.com', 3028901234, 'Inactivo', 'Endocrinologia', 23);
INSERT INTO Especialistas (nombre, apellido, identificacion_especialistas, correo, telefono, estado, especialidad, numero_consultorio) VALUES ('Hector', 'Romero', 124, 'hector.romero@ejemplo.com', 3031234567, 'Activo', 'Pediatria', 24);
INSERT INTO Especialistas (nombre, apellido, identificacion_especialistas, correo, telefono, estado, especialidad, numero_consultorio) VALUES ('Natalia', 'Castro', 125, 'natalia.castro@ejemplo.com', 3032345678, 'Activo', 'Cirugia', 25);
INSERT INTO Especialistas (nombre, apellido, identificacion_especialistas, correo, telefono, estado, especialidad, numero_consultorio) VALUES ('Ivan', 'Bermudez', 126, 'ivan.bermudez@ejemplo.com', 3033456789, 'Inactivo', 'Cardiologia', 26);
INSERT INTO Especialistas (nombre, apellido, identificacion_especialistas, correo, telefono, estado, especialidad, numero_consultorio) VALUES ('Silvia', 'Vega', 127, 'silvia.vega@ejemplo.com', 3034567890, 'Activo', 'Dermatologia', 27);
INSERT INTO Especialistas (nombre, apellido, identificacion_especialistas, correo, telefono, estado, especialidad, numero_consultorio) VALUES ('Oscar', 'Salazar', 128, 'oscar.salazar@ejemplo.com', 3035678901, 'Activo', 'Medicina Interna', 28);
INSERT INTO Especialistas (nombre, apellido, identificacion_especialistas, correo, telefono, estado, especialidad, numero_consultorio) VALUES ('Patricia', 'Roldan', 129, 'patricia.roldan@ejemplo.com', 3036789012, 'Activo', 'Endocrinologia', 29);
INSERT INTO Especialistas (nombre, apellido, identificacion_especialistas, correo, telefono, estado, especialidad, numero_consultorio) VALUES ('Victor', 'Acosta', 130, 'victor.acosta@ejemplo.com', 3037890123, 'Activo', 'Pediatria', 30);
INSERT INTO Especialistas (nombre, apellido, identificacion_especialistas, correo, telefono, estado, especialidad, numero_consultorio) VALUES ('Luz', 'Palacios', 131, 'luz.palacios@ejemplo.com', 3038901234, 'Activo', 'Cirugia', 31);
INSERT INTO Especialistas (nombre, apellido, identificacion_especialistas, correo, telefono, estado, especialidad, numero_consultorio) VALUES ('Sergio', 'Ortiz', 132, 'sergio.ortiz@ejemplo.com', 3041234567, 'Inactivo', 'Cardiologia', 32);
INSERT INTO Especialistas (nombre, apellido, identificacion_especialistas, correo, telefono, estado, especialidad, numero_consultorio) VALUES ('Alejandra', 'Lozano', 133, 'alejandra.lozano@ejemplo.com', 3042345678, 'Activo', 'Dermatologia', 33);
INSERT INTO Especialistas (nombre, apellido, identificacion_especialistas, correo, telefono, estado, especialidad, numero_consultorio) VALUES ('Diego', 'Mejia', 134, 'diego.mejia@ejemplo.com', 3043456789, 'Activo', 'Medicina Interna', 34);
INSERT INTO Especialistas (nombre, apellido, identificacion_especialistas, correo, telefono, estado, especialidad, numero_consultorio) VALUES ('Marina', 'Guerrero', 135, 'marina.gurrer@ejemplo.com', 3044567890, 'Activo', 'Endocrinologia', 35);
INSERT INTO Especialistas (nombre, apellido, identificacion_especialistas, correo, telefono, estado, especialidad, numero_consultorio) VALUES ('Rodrigo', 'Camacho', 136, 'rodrigo.camacho@ejemplo.com', 3045678901, 'Activo', 'Pediatria', 36);
INSERT INTO Especialistas (nombre, apellido, identificacion_especialistas, correo, telefono, estado, especialidad, numero_consultorio) VALUES ('Elisa', 'Garzon', 137, 'elisa.garzon@ejemplo.com', 3046789012, 'Inactivo', 'Cirugia', 37);
INSERT INTO Especialistas (nombre, apellido, identificacion_especialistas, correo, telefono, estado, especialidad, numero_consultorio) VALUES ('Cesar', 'Alvarez', 138, 'cesar.alvarez@ejemplo.com', 3047890123, 'Activo', 'Cardiologia', 38);
INSERT INTO Especialistas (nombre, apellido, identificacion_especialistas, correo, telefono, estado, especialidad, numero_consultorio) VALUES ('Lorena', 'Marquez', 139, 'lorena.marquez@ejemplo.com', 3048901234, 'Activo', 'Dermatologia', 39);
INSERT INTO Especialistas (nombre, apellido, identificacion_especialistas, correo, telefono, estado, especialidad, numero_consultorio) VALUES ('Alberto', 'Muñoz', 140, 'alberto.munoz@ejemplo.com', 3051234567, 'Activo', 'Medicina Interna', 40);
INSERT INTO Especialistas (nombre, apellido, identificacion_especialistas, correo, telefono, estado, especialidad, numero_consultorio) VALUES ('Valeria', 'Soto', 141, 'valeria.soto@ejemplo.com', 3052345678, 'Activo', 'Endocrinologia', 41);
INSERT INTO Especialistas (nombre, apellido, identificacion_especialistas, correo, telefono, estado, especialidad, numero_consultorio) VALUES ('Ricardo', 'Herrera', 142, 'ricardo.herrera@ejemplo.com', 3053456789, 'Inactivo', 'Pediatria', 42);
INSERT INTO Especialistas (nombre, apellido, identificacion_especialistas, correo, telefono, estado, especialidad, numero_consultorio) VALUES ('Teresa', 'Campos', 143, 'teresa.campos@ejemplo.com', 3054567890, 'Activo', 'Cirugia', 43);
INSERT INTO Especialistas (nombre, apellido, identificacion_especialistas, correo, telefono, estado, especialidad, numero_consultorio) VALUES ('Jorge', 'Morales', 144, 'jorge.morales@ejemplo.com', 3055678901, 'Activo', 'Cardiologia', 44);
INSERT INTO Especialistas (nombre, apellido, identificacion_especialistas, correo, telefono, estado, especialidad, numero_consultorio) VALUES ('Carolina', 'Rojas', 145, 'carolina.rojas@ejemplo.com', 3056789012, 'Activo', 'Dermatologia', 45);
INSERT INTO Especialistas (nombre, apellido, identificacion_especialistas, correo, telefono, estado, especialidad, numero_consultorio) VALUES ('Luis', 'Quintero', 146, 'luis.quintero@ejemplo.com', 3057890123, 'Inactivo', 'Medicina Interna', 46);
INSERT INTO Especialistas (nombre, apellido, identificacion_especialistas, correo, telefono, estado, especialidad, numero_consultorio) VALUES ('Sandra', 'Villalobos', 147, 'sandra.villalobos@ejemplo.com', 3058901234, 'Activo', 'Endocrinologia', 47);
INSERT INTO Especialistas (nombre, apellido, identificacion_especialistas, correo, telefono, estado, especialidad, numero_consultorio) VALUES ('Pablo', 'Torres', 148, 'pablo.torres@ejemplo.com', 3061234567, 'Activo', 'Pediatria', 48);
INSERT INTO Especialistas (nombre, apellido, identificacion_especialistas, correo, telefono, estado, especialidad, numero_consultorio) VALUES ('Julia', 'Arango', 149, 'julia.arango@ejemplo.com', 3062345678, 'Activo', 'Cirugia', 49);
INSERT INTO Especialistas (nombre, apellido, identificacion_especialistas, correo, telefono, estado, especialidad, numero_consultorio) VALUES ('Sebastian', 'Guzman', 150, 'sebastian.guzman@ejemplo.com', 3063456789, 'Inactivo', 'Cardiologia', 50);



INSERT INTO MGeneral (nombre, apellido, identificacion_m_general, correo, telefono, estado, area_atencion, numero_consultorio) VALUES ('Carlos', 'Martínez', 101, 'carlos.martinez@example.com', 3214567890, 'Activo', 'Primera Infancia', 51);
INSERT INTO MGeneral (nombre, apellido, identificacion_m_general, correo, telefono, estado, area_atencion, numero_consultorio) VALUES ('Luisa', 'Gómez', 102, 'luisa.gomez@example.com', 3119876543, 'Inactivo', 'Adultos', 52);
INSERT INTO MGeneral (nombre, apellido, identificacion_m_general, correo, telefono, estado, area_atencion, numero_consultorio) VALUES ('María', 'López', 103, 'maria.lopez@example.com', 3001234567, 'Activo', 'Tercera Edad', 53);
INSERT INTO MGeneral (nombre, apellido, identificacion_m_general, correo, telefono, estado, area_atencion, numero_consultorio) VALUES ('Andrea', 'Pérez', 104, 'andrea.perez@example.com', 3123456789, 'Activo', 'Adolescentes', 54);
INSERT INTO MGeneral (nombre, apellido, identificacion_m_general, correo, telefono, estado, area_atencion, numero_consultorio) VALUES ('José', 'Hernández', 105, 'jose.hernandez@example.com', 3102345678, 'Inactivo', 'Primera Infancia', 55);
INSERT INTO MGeneral (nombre, apellido, identificacion_m_general, correo, telefono, estado, area_atencion, numero_consultorio) VALUES ('Lucía', 'Ramírez', 106, 'lucia.ramirez@example.com', 3134567890, 'Activo', 'General', 56);
INSERT INTO MGeneral (nombre, apellido, identificacion_m_general, correo, telefono, estado, area_atencion, numero_consultorio) VALUES ('Juan', 'Fernández', 107, 'juan.fernandez@example.com', 3145678901, 'Activo', 'Adultos', 57);
INSERT INTO MGeneral (nombre, apellido, identificacion_m_general, correo, telefono, estado, area_atencion, numero_consultorio) VALUES ('Carolina', 'Suárez', 108, 'carolina.suarez@example.com', 3156789012, 'Inactivo', 'Tercera Edad', 58);
INSERT INTO MGeneral (nombre, apellido, identificacion_m_general, correo, telefono, estado, area_atencion, numero_consultorio) VALUES ('Pedro', 'Ríos', 109, 'pedro.rios@example.com', 3167890123, 'Activo', 'General', 59);
INSERT INTO MGeneral (nombre, apellido, identificacion_m_general, correo, telefono, estado, area_atencion, numero_consultorio) VALUES ('Marta', 'García', 110, 'marta.garcia@example.com', 3178901234, 'Inactivo', 'General', 60);
INSERT INTO MGeneral (nombre, apellido, identificacion_m_general, correo, telefono, estado, area_atencion, numero_consultorio) VALUES ('Laura', 'Castillo', 111, 'laura.castillo@example.com', 3189012345, 'Activo', 'General', 61);
INSERT INTO MGeneral (nombre, apellido, identificacion_m_general, correo, telefono, estado, area_atencion, numero_consultorio) VALUES ('Felipe', 'Vargas', 112, 'felipe.vargas@example.com', 3190123456, 'Activo', 'Adolescentes', 62);
INSERT INTO MGeneral (nombre, apellido, identificacion_m_general, correo, telefono, estado, area_atencion, numero_consultorio) VALUES ('Diana', 'Silva', 113, 'diana.silva@example.com', 3201234567, 'Inactivo', 'General', 63);
INSERT INTO MGeneral (nombre, apellido, identificacion_m_general, correo, telefono, estado, area_atencion, numero_consultorio) VALUES ('Samuel', 'Jiménez', 114, 'samuel.jimenez@example.com', 3212345678, 'Activo', 'General', 64);
INSERT INTO MGeneral (nombre, apellido, identificacion_m_general, correo, telefono, estado, area_atencion, numero_consultorio) VALUES ('Paula', 'Gómez', 115, 'paula.gomez@example.com', 3223456789, 'Inactivo', 'Adultos', 65);
INSERT INTO MGeneral (nombre, apellido, identificacion_m_general, correo, telefono, estado, area_atencion, numero_consultorio) VALUES ('Rafael', 'Cabrera', 116, 'rafael.cabrera@example.com', 3234567890, 'Activo', 'General', 66);
INSERT INTO MGeneral (nombre, apellido, identificacion_m_general, correo, telefono, estado, area_atencion, numero_consultorio) VALUES ('Camila', 'Vega', 117, 'camila.vega@example.com', 3245678901, 'Activo', 'General', 67);
INSERT INTO MGeneral (nombre, apellido, identificacion_m_general, correo, telefono, estado, area_atencion, numero_consultorio) VALUES ('Nicolás', 'Morales', 118, 'nicolas.morales@example.com', 3256789012, 'Inactivo', 'General', 68);
INSERT INTO MGeneral (nombre, apellido, identificacion_m_general, correo, telefono, estado, area_atencion, numero_consultorio) VALUES ('Gabriela', 'Navarro', 119, 'gabriela.navarro@example.com', 3267890123, 'Activo', 'General', 69);
INSERT INTO MGeneral (nombre, apellido, identificacion_m_general, correo, telefono, estado, area_atencion, numero_consultorio) VALUES ('Luis', 'Ortega', 120, 'luis.ortega@example.com', 3278901234, 'Inactivo', 'Primera Infancia', 70);
INSERT INTO MGeneral (nombre, apellido, identificacion_m_general, correo, telefono, estado, area_atencion, numero_consultorio) VALUES ('Valeria', 'Mejía', 121, 'valeria.mejia@example.com', 3289012345, 'Activo', 'General', 71);
INSERT INTO MGeneral (nombre, apellido, identificacion_m_general, correo, telefono, estado, area_atencion, numero_consultorio) VALUES ('Esteban', 'Cruz', 122, 'esteban.cruz@example.com', 3290123456, 'Activo', 'General', 72);
INSERT INTO MGeneral (nombre, apellido, identificacion_m_general, correo, telefono, estado, area_atencion, numero_consultorio) VALUES ('Sofía', 'Martínez', 123, 'sofia.martinez@example.com', 3301234567, 'Inactivo', 'Adolescentes', 73);
INSERT INTO MGeneral (nombre, apellido, identificacion_m_general, correo, telefono, estado, area_atencion, numero_consultorio) VALUES ('Carlos', 'López', 124, 'carlos.lopez@example.com', 3312345678, 'Activo', 'Adultos', 74);
INSERT INTO MGeneral (nombre, apellido, identificacion_m_general, correo, telefono, estado, area_atencion, numero_consultorio) VALUES ('Isabel', 'Torres', 125, 'isabel.torres@example.com', 3323456789, 'Activo', 'Tercera Edad', 75);
INSERT INTO MGeneral (nombre, apellido, identificacion_m_general, correo, telefono, estado, area_atencion, numero_consultorio) VALUES ('Diego', 'Rivera', 126, 'diego.rivera@example.com', 3334567890, 'Inactivo', 'General', 76);
INSERT INTO MGeneral (nombre, apellido, identificacion_m_general, correo, telefono, estado, area_atencion, numero_consultorio) VALUES ('Elena', 'Guerrero', 127, 'elena.guerrero@example.com', 3345678901, 'Activo', 'Primera Infancia', 77);
INSERT INTO MGeneral (nombre, apellido, identificacion_m_general, correo, telefono, estado, area_atencion, numero_consultorio) VALUES ('Mario', 'Paredes', 128, 'mario.paredes@example.com', 3356789012, 'Activo', 'General', 78);
INSERT INTO MGeneral (nombre, apellido, identificacion_m_general, correo, telefono, estado, area_atencion, numero_consultorio) VALUES ('Daniela', 'Quintero', 129, 'daniela.quintero@example.com', 3367890123, 'Inactivo', 'General', 79);
INSERT INTO MGeneral (nombre, apellido, identificacion_m_general, correo, telefono, estado, area_atencion, numero_consultorio) VALUES ('Ricardo', 'Alonso', 130, 'ricardo.alonso@example.com', 3378901234, 'Activo', 'Adolescentes', 80);
INSERT INTO MGeneral (nombre, apellido, identificacion_m_general, correo, telefono, estado, area_atencion, numero_consultorio) VALUES ('Mariana', 'Esquivel', 131, 'mariana.esquivel@example.com', 3389012345, 'Activo', 'Adultos', 81);
INSERT INTO MGeneral (nombre, apellido, identificacion_m_general, correo, telefono, estado, area_atencion, numero_consultorio) VALUES ('Javier', 'Bustos', 132, 'javier.bustos@example.com', 3390123456, 'Inactivo', 'Tercera Edad', 82);
INSERT INTO MGeneral (nombre, apellido, identificacion_m_general, correo, telefono, estado, area_atencion, numero_consultorio) VALUES ('Natalia', 'Peña', 133, 'natalia.pena@example.com', 3401234567, 'Activo', 'General', 83);
INSERT INTO MGeneral (nombre, apellido, identificacion_m_general, correo, telefono, estado, area_atencion, numero_consultorio) VALUES ('Santiago', 'Mendoza', 134, 'santiago.mendoza@example.com', 3412345678, 'Activo', 'General', 84);
INSERT INTO MGeneral (nombre, apellido, identificacion_m_general, correo, telefono, estado, area_atencion, numero_consultorio) VALUES ('Alejandra', 'Castañeda', 135, 'alejandr.castaneda@example.com', 3423456789, 'Inactivo', 'Primera Infancia', 85);
INSERT INTO MGeneral (nombre, apellido, identificacion_m_general, correo, telefono, estado, area_atencion, numero_consultorio) VALUES ('Victor', 'Carrillo', 136, 'victor.carrillo@example.com', 3434567890, 'Activo', 'General', 86);
INSERT INTO MGeneral (nombre, apellido, identificacion_m_general, correo, telefono, estado, area_atencion, numero_consultorio) VALUES ('Clara', 'Bermúdez', 137, 'clara.bermudez@example.com', 3445678901, 'Activo', 'General', 87);
INSERT INTO MGeneral (nombre, apellido, identificacion_m_general, correo, telefono, estado, area_atencion, numero_consultorio) VALUES ('Andrés', 'Gallego', 138, 'andres.gallego@example.com', 3456789012, 'Inactivo', 'General', 88);
INSERT INTO MGeneral (nombre, apellido, identificacion_m_general, correo, telefono, estado, area_atencion, numero_consultorio) VALUES ('Patricia', 'Domínguez', 139, 'patricia.dominguez@example.com', 3467890123, 'Activo', 'Adolescentes', 89);
INSERT INTO MGeneral (nombre, apellido, identificacion_m_general, correo, telefono, estado, area_atencion, numero_consultorio) VALUES ('Sebastián', 'Ruiz', 140, 'sebastian.ruiz@example.com', 3478901234, 'Activo', 'Adultos', 90);
INSERT INTO MGeneral (nombre, apellido, identificacion_m_general, correo, telefono, estado, area_atencion, numero_consultorio) VALUES ('Adriana', 'Soto', 141, 'adriana.soto@example.com', 3489012345, 'Inactivo', 'Tercera Edad', 91);
INSERT INTO MGeneral (nombre, apellido, identificacion_m_general, correo, telefono, estado, area_atencion, numero_consultorio) VALUES ('Gabriel', 'Hernández', 142, 'gabriel.hernandez@example.com', 3490123456, 'Activo', 'General', 92);
INSERT INTO MGeneral (nombre, apellido, identificacion_m_general, correo, telefono, estado, area_atencion, numero_consultorio) VALUES ('Lucía', 'Flores', 143, 'lucia.flores@example.com', 3501234567, 'Activo', 'Primera Infancia', 93);
INSERT INTO MGeneral (nombre, apellido, identificacion_m_general, correo, telefono, estado, area_atencion, numero_consultorio) VALUES ('Tomás', 'Salazar', 144, 'tomas.salazar@example.com', 3512345678, 'Inactivo', 'Adolescentes', 94);
INSERT INTO MGeneral (nombre, apellido, identificacion_m_general, correo, telefono, estado, area_atencion, numero_consultorio) VALUES ('Ana', 'Ramos', 145, 'ana.ramos@example.com', 3523456789, 'Activo', 'Adultos', 95);
INSERT INTO MGeneral (nombre, apellido, identificacion_m_general, correo, telefono, estado, area_atencion, numero_consultorio) VALUES ('Francisco', 'García', 146, 'francisco.garcia@example.com', 3534567890, 'Activo', 'Tercera Edad', 96);
INSERT INTO MGeneral (nombre, apellido, identificacion_m_general, correo, telefono, estado, area_atencion, numero_consultorio) VALUES ('Paula', 'Núñez', 147, 'paula.nunez@example.com', 3545678901, 'Inactivo', 'General', 97);
INSERT INTO MGeneral (nombre, apellido, identificacion_m_general, correo, telefono, estado, area_atencion, numero_consultorio) VALUES ('Eduardo', 'Mora', 148, 'eduardo.mora@example.com', 3556789012, 'Activo', 'General', 98);
INSERT INTO MGeneral (nombre, apellido, identificacion_m_general, correo, telefono, estado, area_atencion, numero_consultorio) VALUES ('Valeria', 'Serrano', 149, 'valeria.serrano@example.com', 3567890123, 'Activo', 'Primera Infancia', 99);
INSERT INTO MGeneral (nombre, apellido, identificacion_m_general, correo, telefono, estado, area_atencion, numero_consultorio) VALUES ('Rodrigo', 'Cruz', 150, 'rodrigo.cruz@example.com', 3578901234, 'Inactivo', 'Adolescentes', 100);


INSERT INTO MedicosAccedeHistoriasClinicas (historia_id, identificacion) VALUES (1, 101);
INSERT INTO MedicosAccedeHistoriasClinicas (historia_id, identificacion) VALUES (2, 102);
INSERT INTO MedicosAccedeHistoriasClinicas (historia_id, identificacion) VALUES (3, 103);
INSERT INTO MedicosAccedeHistoriasClinicas (historia_id, identificacion) VALUES (4, 104);
INSERT INTO MedicosAccedeHistoriasClinicas (historia_id, identificacion) VALUES (5, 105);
INSERT INTO MedicosAccedeHistoriasClinicas (historia_id, identificacion) VALUES (6, 106);
INSERT INTO MedicosAccedeHistoriasClinicas (historia_id, identificacion) VALUES (7, 107);
INSERT INTO MedicosAccedeHistoriasClinicas (historia_id, identificacion) VALUES (8, 108);
INSERT INTO MedicosAccedeHistoriasClinicas (historia_id, identificacion) VALUES (9, 109);
INSERT INTO MedicosAccedeHistoriasClinicas (historia_id, identificacion) VALUES (10, 110);
INSERT INTO MedicosAccedeHistoriasClinicas (historia_id, identificacion) VALUES (11, 111);
INSERT INTO MedicosAccedeHistoriasClinicas (historia_id, identificacion) VALUES (12, 112);
INSERT INTO MedicosAccedeHistoriasClinicas (historia_id, identificacion) VALUES (13, 113);
INSERT INTO MedicosAccedeHistoriasClinicas (historia_id, identificacion) VALUES (14, 114);
INSERT INTO MedicosAccedeHistoriasClinicas (historia_id, identificacion) VALUES (15, 115);
INSERT INTO MedicosAccedeHistoriasClinicas (historia_id, identificacion) VALUES (16, 116);
INSERT INTO MedicosAccedeHistoriasClinicas (historia_id, identificacion) VALUES (17, 117);
INSERT INTO MedicosAccedeHistoriasClinicas (historia_id, identificacion) VALUES (18, 118);
INSERT INTO MedicosAccedeHistoriasClinicas (historia_id, identificacion) VALUES (19, 119);
INSERT INTO MedicosAccedeHistoriasClinicas (historia_id, identificacion) VALUES (20, 120);
INSERT INTO MedicosAccedeHistoriasClinicas (historia_id, identificacion) VALUES (21, 121);
INSERT INTO MedicosAccedeHistoriasClinicas (historia_id, identificacion) VALUES (22, 122);
INSERT INTO MedicosAccedeHistoriasClinicas (historia_id, identificacion) VALUES (23, 123);
INSERT INTO MedicosAccedeHistoriasClinicas (historia_id, identificacion) VALUES (24, 124);
INSERT INTO MedicosAccedeHistoriasClinicas (historia_id, identificacion) VALUES (25, 125);
INSERT INTO MedicosAccedeHistoriasClinicas (historia_id, identificacion) VALUES (26, 126);
INSERT INTO MedicosAccedeHistoriasClinicas (historia_id, identificacion) VALUES (27, 127);
INSERT INTO MedicosAccedeHistoriasClinicas (historia_id, identificacion) VALUES (28, 128);
INSERT INTO MedicosAccedeHistoriasClinicas (historia_id, identificacion) VALUES (29, 129);
INSERT INTO MedicosAccedeHistoriasClinicas (historia_id, identificacion) VALUES (30, 130);
INSERT INTO MedicosAccedeHistoriasClinicas (historia_id, identificacion) VALUES (31, 131);
INSERT INTO MedicosAccedeHistoriasClinicas (historia_id, identificacion) VALUES (32, 132);
INSERT INTO MedicosAccedeHistoriasClinicas (historia_id, identificacion) VALUES (33, 133);
INSERT INTO MedicosAccedeHistoriasClinicas (historia_id, identificacion) VALUES (34, 134);
INSERT INTO MedicosAccedeHistoriasClinicas (historia_id, identificacion) VALUES (35, 135);
INSERT INTO MedicosAccedeHistoriasClinicas (historia_id, identificacion) VALUES (36, 136);
INSERT INTO MedicosAccedeHistoriasClinicas (historia_id, identificacion) VALUES (37, 137);
INSERT INTO MedicosAccedeHistoriasClinicas (historia_id, identificacion) VALUES (38, 138);
INSERT INTO MedicosAccedeHistoriasClinicas (historia_id, identificacion) VALUES (39, 139);
INSERT INTO MedicosAccedeHistoriasClinicas (historia_id, identificacion) VALUES (40, 140);
INSERT INTO MedicosAccedeHistoriasClinicas (historia_id, identificacion) VALUES (41, 141);
INSERT INTO MedicosAccedeHistoriasClinicas (historia_id, identificacion) VALUES (42, 142);
INSERT INTO MedicosAccedeHistoriasClinicas (historia_id, identificacion) VALUES (43, 143);
INSERT INTO MedicosAccedeHistoriasClinicas (historia_id, identificacion) VALUES (44, 144);
INSERT INTO MedicosAccedeHistoriasClinicas (historia_id, identificacion) VALUES (45, 145);
INSERT INTO MedicosAccedeHistoriasClinicas (historia_id, identificacion) VALUES (46, 146);
INSERT INTO MedicosAccedeHistoriasClinicas (historia_id, identificacion) VALUES (47, 147);
INSERT INTO MedicosAccedeHistoriasClinicas (historia_id, identificacion) VALUES (48, 148);
INSERT INTO MedicosAccedeHistoriasClinicas (historia_id, identificacion) VALUES (49, 149);
INSERT INTO MedicosAccedeHistoriasClinicas (historia_id, identificacion) VALUES (50, 150);

INSERT INTO MedicosGeneranDiagnostico (diagnostico_id, identificacion) VALUES (1, 101);
INSERT INTO MedicosGeneranDiagnostico (diagnostico_id, identificacion) VALUES (2, 102);
INSERT INTO MedicosGeneranDiagnostico (diagnostico_id, identificacion) VALUES (3, 103);
INSERT INTO MedicosGeneranDiagnostico (diagnostico_id, identificacion) VALUES (4, 104);
INSERT INTO MedicosGeneranDiagnostico (diagnostico_id, identificacion) VALUES (5, 105);
INSERT INTO MedicosGeneranDiagnostico (diagnostico_id, identificacion) VALUES (6, 106);
INSERT INTO MedicosGeneranDiagnostico (diagnostico_id, identificacion) VALUES (7, 107);
INSERT INTO MedicosGeneranDiagnostico (diagnostico_id, identificacion) VALUES (8, 108);
INSERT INTO MedicosGeneranDiagnostico (diagnostico_id, identificacion) VALUES (9, 109);
INSERT INTO MedicosGeneranDiagnostico (diagnostico_id, identificacion) VALUES (10, 110);
INSERT INTO MedicosGeneranDiagnostico (diagnostico_id, identificacion) VALUES (11, 111);
INSERT INTO MedicosGeneranDiagnostico (diagnostico_id, identificacion) VALUES (12, 112);
INSERT INTO MedicosGeneranDiagnostico (diagnostico_id, identificacion) VALUES (13, 113);
INSERT INTO MedicosGeneranDiagnostico (diagnostico_id, identificacion) VALUES (14, 114);
INSERT INTO MedicosGeneranDiagnostico (diagnostico_id, identificacion) VALUES (15, 115);
INSERT INTO MedicosGeneranDiagnostico (diagnostico_id, identificacion) VALUES (16, 116);
INSERT INTO MedicosGeneranDiagnostico (diagnostico_id, identificacion) VALUES (17, 117);
INSERT INTO MedicosGeneranDiagnostico (diagnostico_id, identificacion) VALUES (18, 118);
INSERT INTO MedicosGeneranDiagnostico (diagnostico_id, identificacion) VALUES (19, 119);
INSERT INTO MedicosGeneranDiagnostico (diagnostico_id, identificacion) VALUES (20, 120);
INSERT INTO MedicosGeneranDiagnostico (diagnostico_id, identificacion) VALUES (21, 121);
INSERT INTO MedicosGeneranDiagnostico (diagnostico_id, identificacion) VALUES (22, 122);
INSERT INTO MedicosGeneranDiagnostico (diagnostico_id, identificacion) VALUES (23, 123);
INSERT INTO MedicosGeneranDiagnostico (diagnostico_id, identificacion) VALUES (24, 124);
INSERT INTO MedicosGeneranDiagnostico (diagnostico_id, identificacion) VALUES (25, 125);
INSERT INTO MedicosGeneranDiagnostico (diagnostico_id, identificacion) VALUES (26, 126);
INSERT INTO MedicosGeneranDiagnostico (diagnostico_id, identificacion) VALUES (27, 127);
INSERT INTO MedicosGeneranDiagnostico (diagnostico_id, identificacion) VALUES (28, 128);
INSERT INTO MedicosGeneranDiagnostico (diagnostico_id, identificacion) VALUES (29, 129);
INSERT INTO MedicosGeneranDiagnostico (diagnostico_id, identificacion) VALUES (30, 130);
INSERT INTO MedicosGeneranDiagnostico (diagnostico_id, identificacion) VALUES (31, 131);
INSERT INTO MedicosGeneranDiagnostico (diagnostico_id, identificacion) VALUES (32, 132);
INSERT INTO MedicosGeneranDiagnostico (diagnostico_id, identificacion) VALUES (33, 133);
INSERT INTO MedicosGeneranDiagnostico (diagnostico_id, identificacion) VALUES (34, 134);
INSERT INTO MedicosGeneranDiagnostico (diagnostico_id, identificacion) VALUES (35, 135);
INSERT INTO MedicosGeneranDiagnostico (diagnostico_id, identificacion) VALUES (36, 136);
INSERT INTO MedicosGeneranDiagnostico (diagnostico_id, identificacion) VALUES (37, 137);
INSERT INTO MedicosGeneranDiagnostico (diagnostico_id, identificacion) VALUES (38, 138);
INSERT INTO MedicosGeneranDiagnostico (diagnostico_id, identificacion) VALUES (39, 139);
INSERT INTO MedicosGeneranDiagnostico (diagnostico_id, identificacion) VALUES (40, 140);
INSERT INTO MedicosGeneranDiagnostico (diagnostico_id, identificacion) VALUES (41, 141);
INSERT INTO MedicosGeneranDiagnostico (diagnostico_id, identificacion) VALUES (42, 142);
INSERT INTO MedicosGeneranDiagnostico (diagnostico_id, identificacion) VALUES (43, 143);
INSERT INTO MedicosGeneranDiagnostico (diagnostico_id, identificacion) VALUES (44, 144);
INSERT INTO MedicosGeneranDiagnostico (diagnostico_id, identificacion) VALUES (45, 145);
INSERT INTO MedicosGeneranDiagnostico (diagnostico_id, identificacion) VALUES (46, 146);
INSERT INTO MedicosGeneranDiagnostico (diagnostico_id, identificacion) VALUES (47, 147);
INSERT INTO MedicosGeneranDiagnostico (diagnostico_id, identificacion) VALUES (48, 148);
INSERT INTO MedicosGeneranDiagnostico (diagnostico_id, identificacion) VALUES (49, 149);
INSERT INTO MedicosGeneranDiagnostico (diagnostico_id, identificacion) VALUES (50, 150);

INSERT INTO EntidadTienenMedicos (nombre_entidad, identificacion) VALUES ('HospCentral', 101);
INSERT INTO EntidadTienenMedicos (nombre_entidad, identificacion) VALUES ('ClinNorte', 102);
INSERT INTO EntidadTienenMedicos (nombre_entidad, identificacion) VALUES ('HospSur', 103);
INSERT INTO EntidadTienenMedicos (nombre_entidad, identificacion) VALUES ('ClinEste', 104);
INSERT INTO EntidadTienenMedicos (nombre_entidad, identificacion) VALUES ('HospOeste', 105);
INSERT INTO EntidadTienenMedicos (nombre_entidad, identificacion) VALUES ('ClinCentro', 106);
INSERT INTO EntidadTienenMedicos (nombre_entidad, identificacion) VALUES ('HospNorte', 107);
INSERT INTO EntidadTienenMedicos (nombre_entidad, identificacion) VALUES ('SaludSur', 108);
INSERT INTO EntidadTienenMedicos (nombre_entidad, identificacion) VALUES ('ClinSaludEste', 109);
INSERT INTO EntidadTienenMedicos (nombre_entidad, identificacion) VALUES ('HospSanLuis', 110);
INSERT INTO EntidadTienenMedicos (nombre_entidad, identificacion) VALUES ('MedicoMadrid', 111);
INSERT INTO EntidadTienenMedicos (nombre_entidad, identificacion) VALUES ('ClinSanJose', 112);
INSERT INTO EntidadTienenMedicos (nombre_entidad, identificacion) VALUES ('HospDelMar', 113);
INSERT INTO EntidadTienenMedicos (nombre_entidad, identificacion) VALUES ('ClinLasFlores', 114);
INSERT INTO EntidadTienenMedicos (nombre_entidad, identificacion) VALUES ('SaludOeste', 115);
INSERT INTO EntidadTienenMedicos (nombre_entidad, identificacion) VALUES ('HospSanPedro', 116);
INSERT INTO EntidadTienenMedicos (nombre_entidad, identificacion) VALUES ('ClinLaLuz', 117);
INSERT INTO EntidadTienenMedicos (nombre_entidad, identificacion) VALUES ('MedicoBarcelona', 118);
INSERT INTO EntidadTienenMedicos (nombre_entidad, identificacion) VALUES ('ClinSanMartin', 119);
INSERT INTO EntidadTienenMedicos (nombre_entidad, identificacion) VALUES ('HospVirLaLuz', 120);
INSERT INTO EntidadTienenMedicos (nombre_entidad, identificacion) VALUES ('ClinSantaAna', 121);
INSERT INTO EntidadTienenMedicos (nombre_entidad, identificacion) VALUES ('SaludCentro', 122);
INSERT INTO EntidadTienenMedicos (nombre_entidad, identificacion) VALUES ('HospSanRafael', 123);
INSERT INTO EntidadTienenMedicos (nombre_entidad, identificacion) VALUES ('ClinDelNorte', 124);
INSERT INTO EntidadTienenMedicos (nombre_entidad, identificacion) VALUES ('MedicoSevilla', 125);
INSERT INTO EntidadTienenMedicos (nombre_entidad, identificacion) VALUES ('ClinSanAndres', 126);
INSERT INTO EntidadTienenMedicos (nombre_entidad, identificacion) VALUES ('HospSanMiguel', 127);
INSERT INTO EntidadTienenMedicos (nombre_entidad, identificacion) VALUES ('ClinRio', 128);
INSERT INTO EntidadTienenMedicos (nombre_entidad, identificacion) VALUES ('MedicoValencia', 129);
INSERT INTO EntidadTienenMedicos (nombre_entidad, identificacion) VALUES ('ClinSanJuan', 130);
INSERT INTO EntidadTienenMedicos (nombre_entidad, identificacion) VALUES ('HospSanFernando', 131);
INSERT INTO EntidadTienenMedicos (nombre_entidad, identificacion) VALUES ('ClinDelSol', 132);
INSERT INTO EntidadTienenMedicos (nombre_entidad, identificacion) VALUES ('MedicoGranada', 133);
INSERT INTO EntidadTienenMedicos (nombre_entidad, identificacion) VALUES ('ClinSanAntonio', 134);
INSERT INTO EntidadTienenMedicos (nombre_entidad, identificacion) VALUES ('HospSanMarcos', 135);
INSERT INTO EntidadTienenMedicos (nombre_entidad, identificacion) VALUES ('ClinVerde', 136);
INSERT INTO EntidadTienenMedicos (nombre_entidad, identificacion) VALUES ('SaludLevante', 137);
INSERT INTO EntidadTienenMedicos (nombre_entidad, identificacion) VALUES ('HospSanJavier', 138);
INSERT INTO EntidadTienenMedicos (nombre_entidad, identificacion) VALUES ('ClinSantaIsabel', 139);
INSERT INTO EntidadTienenMedicos (nombre_entidad, identificacion) VALUES ('MedicoMalaga', 140);
INSERT INTO EntidadTienenMedicos (nombre_entidad, identificacion) VALUES ('ClinSanCarlos', 141);
INSERT INTO EntidadTienenMedicos (nombre_entidad, identificacion) VALUES ('HospSantaMaria', 142);
INSERT INTO EntidadTienenMedicos (nombre_entidad, identificacion) VALUES ('ClinSanVicente', 143);
INSERT INTO EntidadTienenMedicos (nombre_entidad, identificacion) VALUES ('MedicoAlicante', 144);
INSERT INTO EntidadTienenMedicos (nombre_entidad, identificacion) VALUES ('ClinSanLucas', 145);
INSERT INTO EntidadTienenMedicos (nombre_entidad, identificacion) VALUES ('HospSanIgnacio', 146);
INSERT INTO EntidadTienenMedicos (nombre_entidad, identificacion) VALUES ('ClinSanPablo', 147);
INSERT INTO EntidadTienenMedicos (nombre_entidad, identificacion) VALUES ('SaludPlaya', 148);
INSERT INTO EntidadTienenMedicos (nombre_entidad, identificacion) VALUES ('HospSantaClara', 149);
INSERT INTO EntidadTienenMedicos (nombre_entidad, identificacion) VALUES ('HospCentral', 150);


