INSERT INTO JefesLaboratorio (id_jefe, nombre, apellido, telefono, correoElectronico, estado) VALUES(1, 'JefeNombre_1', 'JefeApellido_1', 5551001, 'jefe1@hospital.com', 'Activo');
INSERT INTO JefesLaboratorio (id_jefe, nombre, apellido, telefono, correoElectronico, estado) VALUES(2, 'JefeNombre_2', 'JefeApellido_2', 5551002, 'jefe2@hospital.com', 'Inactivo');
INSERT INTO JefesLaboratorio (id_jefe, nombre, apellido, telefono, correoElectronico, estado) VALUES(3, 'JefeNombre_3', 'JefeApellido_3', 5551003, 'jefe3@hospital.com', 'Suspendido');
INSERT INTO JefesLaboratorio (id_jefe, nombre, apellido, telefono, correoElectronico, estado) VALUES(4, 'JefeNombre_4', 'JefeApellido_4', 5551004, 'jefe4@hospital.com', 'Activo');
INSERT INTO JefesLaboratorio (id_jefe, nombre, apellido, telefono, correoElectronico, estado) VALUES(5, 'JefeNombre_5', 'JefeApellido_5', 5551005, 'jefe5@hospital.com', 'Inactivo');
INSERT INTO JefesLaboratorio (id_jefe, nombre, apellido, telefono, correoElectronico, estado) VALUES(6, 'JefeNombre_6', 'JefeApellido_6', 5551006, 'jefe6@hospital.com', 'Suspendido');
INSERT INTO JefesLaboratorio (id_jefe, nombre, apellido, telefono, correoElectronico, estado) VALUES(7, 'JefeNombre_7', 'JefeApellido_7', 5551007, 'jefe7@hospital.com', 'Activo');
INSERT INTO JefesLaboratorio (id_jefe, nombre, apellido, telefono, correoElectronico, estado) VALUES(8, 'JefeNombre_8', 'JefeApellido_8', 5551008, 'jefe8@hospital.com', 'Inactivo');
INSERT INTO JefesLaboratorio (id_jefe, nombre, apellido, telefono, correoElectronico, estado) VALUES(9, 'JefeNombre_9', 'JefeApellido_9', 5551009, 'jefe9@hospital.com', 'Suspendido');
INSERT INTO JefesLaboratorio (id_jefe, nombre, apellido, telefono, correoElectronico, estado) VALUES(10, 'JefeNombre_10', 'JefeApellido_10', 5551010, 'jefe10@hospital.com', 'Activo');
INSERT INTO JefesLaboratorio (id_jefe, nombre, apellido, telefono, correoElectronico, estado) VALUES(11, 'JefeNombre_11', 'JefeApellido_11', 5551011, 'jefe11@hospital.com', 'Inactivo');
INSERT INTO JefesLaboratorio (id_jefe, nombre, apellido, telefono, correoElectronico, estado) VALUES(12, 'JefeNombre_12', 'JefeApellido_12', 5551012, 'jefe12@hospital.com', 'Suspendido');
INSERT INTO JefesLaboratorio (id_jefe, nombre, apellido, telefono, correoElectronico, estado) VALUES(13, 'JefeNombre_13', 'JefeApellido_13', 5551013, 'jefe13@hospital.com', 'Activo');
INSERT INTO JefesLaboratorio (id_jefe, nombre, apellido, telefono, correoElectronico, estado) VALUES(14, 'JefeNombre_14', 'JefeApellido_14', 5551014, 'jefe14@hospital.com', 'Inactivo');
INSERT INTO JefesLaboratorio (id_jefe, nombre, apellido, telefono, correoElectronico, estado) VALUES(15, 'JefeNombre_15', 'JefeApellido_15', 5551015, 'jefe15@hospital.com', 'Suspendido');
INSERT INTO JefesLaboratorio (id_jefe, nombre, apellido, telefono, correoElectronico, estado) VALUES(16, 'JefeNombre_16', 'JefeApellido_16', 5551016, 'jefe16@hospital.com', 'Activo');
INSERT INTO JefesLaboratorio (id_jefe, nombre, apellido, telefono, correoElectronico, estado) VALUES(17, 'JefeNombre_17', 'JefeApellido_17', 5551017, 'jefe17@hospital.com', 'Inactivo');
INSERT INTO JefesLaboratorio (id_jefe, nombre, apellido, telefono, correoElectronico, estado) VALUES(18, 'JefeNombre_18', 'JefeApellido_18', 5551018, 'jefe18@hospital.com', 'Suspendido');
INSERT INTO JefesLaboratorio (id_jefe, nombre, apellido, telefono, correoElectronico, estado) VALUES(19, 'JefeNombre_19', 'JefeApellido_19', 5551019, 'jefe19@hospital.com', 'Activo');
INSERT INTO JefesLaboratorio (id_jefe, nombre, apellido, telefono, correoElectronico, estado) VALUES(20, 'JefeNombre_20', 'JefeApellido_20', 5551020, 'jefe20@hospital.com', 'Inactivo');
INSERT INTO JefesLaboratorio (id_jefe, nombre, apellido, telefono, correoElectronico, estado) VALUES(21, 'JefeNombre_21', 'JefeApellido_21', 5551021, 'jefe21@hospital.com', 'Suspendido');
INSERT INTO JefesLaboratorio (id_jefe, nombre, apellido, telefono, correoElectronico, estado) VALUES(22, 'JefeNombre_22', 'JefeApellido_22', 5551022, 'jefe22@hospital.com', 'Activo');
INSERT INTO JefesLaboratorio (id_jefe, nombre, apellido, telefono, correoElectronico, estado) VALUES(23, 'JefeNombre_23', 'JefeApellido_23', 5551023, 'jefe23@hospital.com', 'Inactivo');
INSERT INTO JefesLaboratorio (id_jefe, nombre, apellido, telefono, correoElectronico, estado) VALUES(24, 'JefeNombre_24', 'JefeApellido_24', 5551024, 'jefe24@hospital.com', 'Suspendido');
INSERT INTO JefesLaboratorio (id_jefe, nombre, apellido, telefono, correoElectronico, estado) VALUES(25, 'JefeNombre_25', 'JefeApellido_25', 5551025, 'jefe25@hospital.com', 'Activo');
INSERT INTO JefesLaboratorio (id_jefe, nombre, apellido, telefono, correoElectronico, estado) VALUES(26, 'JefeNombre_26', 'JefeApellido_26', 5551026, 'jefe26@hospital.com', 'Inactivo');
INSERT INTO JefesLaboratorio (id_jefe, nombre, apellido, telefono, correoElectronico, estado) VALUES(27, 'JefeNombre_27', 'JefeApellido_27', 5551027, 'jefe27@hospital.com', 'Suspendido');
INSERT INTO JefesLaboratorio (id_jefe, nombre, apellido, telefono, correoElectronico, estado) VALUES(28, 'JefeNombre_28', 'JefeApellido_28', 5551028, 'jefe28@hospital.com', 'Activo');
INSERT INTO JefesLaboratorio (id_jefe, nombre, apellido, telefono, correoElectronico, estado) VALUES(29, 'JefeNombre_29', 'JefeApellido_29', 5551029, 'jefe29@hospital.com', 'Inactivo');
INSERT INTO JefesLaboratorio (id_jefe, nombre, apellido, telefono, correoElectronico, estado) VALUES(30, 'JefeNombre_30', 'JefeApellido_30', 5551030, 'jefe30@hospital.com', 'Suspendido');
INSERT INTO JefesLaboratorio (id_jefe, nombre, apellido, telefono, correoElectronico, estado) VALUES(31, 'JefeNombre_31', 'JefeApellido_31', 5551031, 'jefe31@hospital.com', 'Activo');
INSERT INTO JefesLaboratorio (id_jefe, nombre, apellido, telefono, correoElectronico, estado) VALUES(32, 'JefeNombre_32', 'JefeApellido_32', 5551032, 'jefe32@hospital.com', 'Inactivo');
INSERT INTO JefesLaboratorio (id_jefe, nombre, apellido, telefono, correoElectronico, estado) VALUES(33, 'JefeNombre_33', 'JefeApellido_33', 5551033, 'jefe33@hospital.com', 'Suspendido');
INSERT INTO JefesLaboratorio (id_jefe, nombre, apellido, telefono, correoElectronico, estado) VALUES(34, 'JefeNombre_34', 'JefeApellido_34', 5551034, 'jefe34@hospital.com', 'Activo');
INSERT INTO JefesLaboratorio (id_jefe, nombre, apellido, telefono, correoElectronico, estado) VALUES(35, 'JefeNombre_35', 'JefeApellido_35', 5551035, 'jefe35@hospital.com', 'Inactivo');
INSERT INTO JefesLaboratorio (id_jefe, nombre, apellido, telefono, correoElectronico, estado) VALUES(36, 'JefeNombre_36', 'JefeApellido_36', 5551036, 'jefe36@hospital.com', 'Suspendido');
INSERT INTO JefesLaboratorio (id_jefe, nombre, apellido, telefono, correoElectronico, estado) VALUES(37, 'JefeNombre_37', 'JefeApellido_37', 5551037, 'jefe37@hospital.com', 'Activo');
INSERT INTO JefesLaboratorio (id_jefe, nombre, apellido, telefono, correoElectronico, estado) VALUES(38, 'JefeNombre_38', 'JefeApellido_38', 5551038, 'jefe38@hospital.com', 'Inactivo');
INSERT INTO JefesLaboratorio (id_jefe, nombre, apellido, telefono, correoElectronico, estado) VALUES(39, 'JefeNombre_39', 'JefeApellido_39', 5551039, 'jefe39@hospital.com', 'Suspendido');
INSERT INTO JefesLaboratorio (id_jefe, nombre, apellido, telefono, correoElectronico, estado) VALUES(40, 'JefeNombre_40', 'JefeApellido_40', 5551040, 'jefe40@hospital.com', 'Activo');
INSERT INTO JefesLaboratorio (id_jefe, nombre, apellido, telefono, correoElectronico, estado) VALUES(41, 'JefeNombre_41', 'JefeApellido_41', 5551041, 'jefe41@hospital.com', 'Inactivo');
INSERT INTO JefesLaboratorio (id_jefe, nombre, apellido, telefono, correoElectronico, estado) VALUES(42, 'JefeNombre_42', 'JefeApellido_42', 5551042, 'jefe42@hospital.com', 'Suspendido');
INSERT INTO JefesLaboratorio (id_jefe, nombre, apellido, telefono, correoElectronico, estado) VALUES(43, 'JefeNombre_43', 'JefeApellido_43', 5551043, 'jefe43@hospital.com', 'Activo');
INSERT INTO JefesLaboratorio (id_jefe, nombre, apellido, telefono, correoElectronico, estado) VALUES(44, 'JefeNombre_44', 'JefeApellido_44', 5551044, 'jefe44@hospital.com', 'Inactivo');
INSERT INTO JefesLaboratorio (id_jefe, nombre, apellido, telefono, correoElectronico, estado) VALUES(45, 'JefeNombre_45', 'JefeApellido_45', 5551045, 'jefe45@hospital.com', 'Suspendido');
INSERT INTO JefesLaboratorio (id_jefe, nombre, apellido, telefono, correoElectronico, estado) VALUES(46, 'JefeNombre_46', 'JefeApellido_46', 5551046, 'jefe46@hospital.com', 'Activo');
INSERT INTO JefesLaboratorio (id_jefe, nombre, apellido, telefono, correoElectronico, estado) VALUES(47, 'JefeNombre_47', 'JefeApellido_47', 5551047, 'jefe47@hospital.com', 'Inactivo');
INSERT INTO JefesLaboratorio (id_jefe, nombre, apellido, telefono, correoElectronico, estado) VALUES(48, 'JefeNombre_48', 'JefeApellido_48', 5551048, 'jefe48@hospital.com', 'Suspendido');
INSERT INTO JefesLaboratorio (id_jefe, nombre, apellido, telefono, correoElectronico, estado) VALUES(49, 'JefeNombre_49', 'JefeApellido_49', 5551049, 'jefe49@hospital.com', 'Activo');
INSERT INTO JefesLaboratorio (id_jefe, nombre, apellido, telefono, correoElectronico, estado) VALUES(50, 'JefeNombre_50', 'JefeApellido_50', 5551050, 'jefe50@hospital.com', 'Inactivo');

INSERT INTO MediosDeComunicacion (id_medio, nombre, tipo, contacto, RegionDeCobertura, id_jefe) VALUES(1, 'Medio Comunicacion 1', 'Correo', 1234567890, 'Norte', 1);
INSERT INTO MediosDeComunicacion (id_medio, nombre, tipo, contacto, RegionDeCobertura, id_jefe) VALUES(2, 'Medio Comunicacion 2', 'Celular', 987654321, 'Sur', 2);
INSERT INTO MediosDeComunicacion (id_medio, nombre, tipo, contacto, RegionDeCobertura, id_jefe) VALUES(3, 'Medio Comunicacion 3', 'Carta', 1122334455, 'Este', 3);
INSERT INTO MediosDeComunicacion (id_medio, nombre, tipo, contacto, RegionDeCobertura, id_jefe) VALUES(4, 'Medio Comunicacion 4', 'Correo', 1234509876, 'Oeste', 4);
INSERT INTO MediosDeComunicacion (id_medio, nombre, tipo, contacto, RegionDeCobertura, id_jefe) VALUES(5, 'Medio Comunicacion 5', 'Celular', 2345609876, 'Norte', 5);
INSERT INTO MediosDeComunicacion (id_medio, nombre, tipo, contacto, RegionDeCobertura, id_jefe) VALUES(6, 'Medio Comunicacion 6', 'Carta', 3456709876, 'Sur', 6);
INSERT INTO MediosDeComunicacion (id_medio, nombre, tipo, contacto, RegionDeCobertura, id_jefe) VALUES(7, 'Medio Comunicacion 7', 'Correo', 4567809876, 'Este', 7);
INSERT INTO MediosDeComunicacion (id_medio, nombre, tipo, contacto, RegionDeCobertura, id_jefe) VALUES(8, 'Medio Comunicacion 8', 'Celular', 5678909876, 'Oeste', 8);
INSERT INTO MediosDeComunicacion (id_medio, nombre, tipo, contacto, RegionDeCobertura, id_jefe) VALUES(9, 'Medio Comunicacion 9', 'Carta', 6789009876, 'Norte', 9);
INSERT INTO MediosDeComunicacion (id_medio, nombre, tipo, contacto, RegionDeCobertura, id_jefe) VALUES(10, 'Medio Comunicacion 10', 'Correo', 7890009876, 'Sur', 10);
INSERT INTO MediosDeComunicacion (id_medio, nombre, tipo, contacto, RegionDeCobertura, id_jefe) VALUES(11, 'Medio Comunicacion 11', 'Celular', 8901009876, 'Este', 11);
INSERT INTO MediosDeComunicacion (id_medio, nombre, tipo, contacto, RegionDeCobertura, id_jefe) VALUES(12, 'Medio Comunicacion 12', 'Carta', 9012009876, 'Oeste', 12);
INSERT INTO MediosDeComunicacion (id_medio, nombre, tipo, contacto, RegionDeCobertura, id_jefe) VALUES(13, 'Medio Comunicacion 13', 'Correo', 9123009876, 'Norte', 13);
INSERT INTO MediosDeComunicacion (id_medio, nombre, tipo, contacto, RegionDeCobertura, id_jefe) VALUES(14, 'Medio Comunicacion 14', 'Celular', 9234009876, 'Sur', 14);
INSERT INTO MediosDeComunicacion (id_medio, nombre, tipo, contacto, RegionDeCobertura, id_jefe) VALUES(15, 'Medio Comunicacion 15', 'Carta', 9345009876, 'Este', 15);
INSERT INTO MediosDeComunicacion (id_medio, nombre, tipo, contacto, RegionDeCobertura, id_jefe) VALUES(16, 'Medio Comunicacion 16', 'Correo', 9456009876, 'Oeste', 16);
INSERT INTO MediosDeComunicacion (id_medio, nombre, tipo, contacto, RegionDeCobertura, id_jefe) VALUES(17, 'Medio Comunicacion 17', 'Celular', 9567009876, 'Norte', 17);
INSERT INTO MediosDeComunicacion (id_medio, nombre, tipo, contacto, RegionDeCobertura, id_jefe) VALUES(18, 'Medio Comunicacion 18', 'Carta', 9678009876, 'Sur', 18);
INSERT INTO MediosDeComunicacion (id_medio, nombre, tipo, contacto, RegionDeCobertura, id_jefe) VALUES(19, 'Medio Comunicacion 19', 'Correo', 9789009876, 'Este', 19);
INSERT INTO MediosDeComunicacion (id_medio, nombre, tipo, contacto, RegionDeCobertura, id_jefe) VALUES(20, 'Medio Comunicacion 20', 'Celular', 9890009876, 'Oeste', 20);
INSERT INTO MediosDeComunicacion (id_medio, nombre, tipo, contacto, RegionDeCobertura, id_jefe) VALUES(21, 'Medio Comunicacion 21', 'Carta', 9901009876, 'Norte', 21);
INSERT INTO MediosDeComunicacion (id_medio, nombre, tipo, contacto, RegionDeCobertura, id_jefe) VALUES(22, 'Medio Comunicacion 22', 'Correo', 9912009876, 'Sur', 22);
INSERT INTO MediosDeComunicacion (id_medio, nombre, tipo, contacto, RegionDeCobertura, id_jefe) VALUES(23, 'Medio Comunicacion 23', 'Celular', 9923009876, 'Este', 23);
INSERT INTO MediosDeComunicacion (id_medio, nombre, tipo, contacto, RegionDeCobertura, id_jefe) VALUES(24, 'Medio Comunicacion 24', 'Carta', 9934009876, 'Oeste', 24);
INSERT INTO MediosDeComunicacion (id_medio, nombre, tipo, contacto, RegionDeCobertura, id_jefe) VALUES(25, 'Medio Comunicacion 25', 'Correo', 9945009876, 'Norte', 25);
INSERT INTO MediosDeComunicacion (id_medio, nombre, tipo, contacto, RegionDeCobertura, id_jefe) VALUES(26, 'Medio Comunicacion 26', 'Celular', 9956009876, 'Sur', 26);
INSERT INTO MediosDeComunicacion (id_medio, nombre, tipo, contacto, RegionDeCobertura, id_jefe) VALUES(27, 'Medio Comunicacion 27', 'Carta', 9967009876, 'Este', 27);
INSERT INTO MediosDeComunicacion (id_medio, nombre, tipo, contacto, RegionDeCobertura, id_jefe) VALUES(28, 'Medio Comunicacion 28', 'Correo', 9978009876, 'Oeste', 28);
INSERT INTO MediosDeComunicacion (id_medio, nombre, tipo, contacto, RegionDeCobertura, id_jefe) VALUES(29, 'Medio Comunicacion 29', 'Celular', 9989009876, 'Norte', 29);
INSERT INTO MediosDeComunicacion (id_medio, nombre, tipo, contacto, RegionDeCobertura, id_jefe) VALUES(30, 'Medio Comunicacion 30', 'Carta', 9990009876, 'Sur', 30);
INSERT INTO MediosDeComunicacion (id_medio, nombre, tipo, contacto, RegionDeCobertura, id_jefe) VALUES(31, 'Medio Comunicacion 31', 'Correo', 9001009876, 'Este', 31);
INSERT INTO MediosDeComunicacion (id_medio, nombre, tipo, contacto, RegionDeCobertura, id_jefe) VALUES(32, 'Medio Comunicacion 32', 'Celular', 9012009876, 'Oeste', 32);
INSERT INTO MediosDeComunicacion (id_medio, nombre, tipo, contacto, RegionDeCobertura, id_jefe) VALUES(33, 'Medio Comunicacion 33', 'Carta', 9023009876, 'Norte', 33);
INSERT INTO MediosDeComunicacion (id_medio, nombre, tipo, contacto, RegionDeCobertura, id_jefe) VALUES(34, 'Medio Comunicacion 34', 'Correo', 9034009876, 'Sur', 34);
INSERT INTO MediosDeComunicacion (id_medio, nombre, tipo, contacto, RegionDeCobertura, id_jefe) VALUES(35, 'Medio Comunicacion 35', 'Celular', 9045009876, 'Este', 35);
INSERT INTO MediosDeComunicacion (id_medio, nombre, tipo, contacto, RegionDeCobertura, id_jefe) VALUES(36, 'Medio Comunicacion 36', 'Carta', 9056009876, 'Oeste', 36);
INSERT INTO MediosDeComunicacion (id_medio, nombre, tipo, contacto, RegionDeCobertura, id_jefe) VALUES(37, 'Medio Comunicacion 37', 'Correo', 9067009876, 'Norte', 37);
INSERT INTO MediosDeComunicacion (id_medio, nombre, tipo, contacto, RegionDeCobertura, id_jefe) VALUES(38, 'Medio Comunicacion 38', 'Celular', 9078009876, 'Sur', 38);
INSERT INTO MediosDeComunicacion (id_medio, nombre, tipo, contacto, RegionDeCobertura, id_jefe) VALUES(39, 'Medio Comunicacion 39', 'Carta', 9089009876, 'Este', 39);
INSERT INTO MediosDeComunicacion (id_medio, nombre, tipo, contacto, RegionDeCobertura, id_jefe) VALUES(40, 'Medio Comunicacion 40', 'Correo', 9090009876, 'Oeste', 40);
INSERT INTO MediosDeComunicacion (id_medio, nombre, tipo, contacto, RegionDeCobertura, id_jefe) VALUES(41, 'Medio Comunicacion 41', 'Celular', 9101009876, 'Norte', 41);
INSERT INTO MediosDeComunicacion (id_medio, nombre, tipo, contacto, RegionDeCobertura, id_jefe) VALUES(42, 'Medio Comunicacion 42', 'Carta', 9112009876, 'Sur', 42);
INSERT INTO MediosDeComunicacion (id_medio, nombre, tipo, contacto, RegionDeCobertura, id_jefe) VALUES(43, 'Medio Comunicacion 43', 'Correo', 9123009876, 'Este', 43);
INSERT INTO MediosDeComunicacion (id_medio, nombre, tipo, contacto, RegionDeCobertura, id_jefe) VALUES(44, 'Medio Comunicacion 44', 'Celular', 9134009876, 'Oeste', 44);
INSERT INTO MediosDeComunicacion (id_medio, nombre, tipo, contacto, RegionDeCobertura, id_jefe) VALUES(45, 'Medio Comunicacion 45', 'Carta', 9145009876, 'Norte', 45);
INSERT INTO MediosDeComunicacion (id_medio, nombre, tipo, contacto, RegionDeCobertura, id_jefe) VALUES(46, 'Medio Comunicacion 46', 'Correo', 9156009876, 'Sur', 46);
INSERT INTO MediosDeComunicacion (id_medio, nombre, tipo, contacto, RegionDeCobertura, id_jefe) VALUES(47, 'Medio Comunicacion 47', 'Celular', 9167009876, 'Este', 47);
INSERT INTO MediosDeComunicacion (id_medio, nombre, tipo, contacto, RegionDeCobertura, id_jefe) VALUES(48, 'Medio Comunicacion 48', 'Carta', 9178009876, 'Oeste', 48);
INSERT INTO MediosDeComunicacion (id_medio, nombre, tipo, contacto, RegionDeCobertura, id_jefe) VALUES(49, 'Medio Comunicacion 49', 'Correo', 9189009876, 'Norte', 49);
INSERT INTO MediosDeComunicacion (id_medio, nombre, tipo, contacto, RegionDeCobertura, id_jefe) VALUES(50, 'Medio Comunicacion 50', 'Celular', 9190009876, 'Sur', 50);




INSERT INTO Laboratorios (id_laboratorio, nombre, direccion, contacto, id_jefe) VALUES(1, 'Laboratorio_1', 'Calle Principal 1', 5550001, 1);
INSERT INTO Laboratorios (id_laboratorio, nombre, direccion, contacto, id_jefe) VALUES(2, 'Laboratorio_2', 'Avenida Secundaria 2', 5550002, 2);
INSERT INTO Laboratorios (id_laboratorio, nombre, direccion, contacto, id_jefe) VALUES(3, 'Laboratorio_3', 'Boulevard Terciario 3', 5550003, 3);
INSERT INTO Laboratorios (id_laboratorio, nombre, direccion, contacto, id_jefe) VALUES(4, 'Laboratorio_4', 'Carrera Cuaternaria 4', 5550004, 4);
INSERT INTO Laboratorios (id_laboratorio, nombre, direccion, contacto, id_jefe) VALUES(5, 'Laboratorio_5', 'Diagonal Quaternaria 5', 5550005, 5);
INSERT INTO Laboratorios (id_laboratorio, nombre, direccion, contacto, id_jefe) VALUES(6, 'Laboratorio_6', 'Calle Quintenaria 6', 5550006, 6);
INSERT INTO Laboratorios (id_laboratorio, nombre, direccion, contacto, id_jefe) VALUES(7, 'Laboratorio_7', 'Avenida Sextenaria 7', 5550007, 7);
INSERT INTO Laboratorios (id_laboratorio, nombre, direccion, contacto, id_jefe) VALUES(8, 'Laboratorio_8', 'Boulevard Septenaria 8', 5550008, 8);
INSERT INTO Laboratorios (id_laboratorio, nombre, direccion, contacto, id_jefe) VALUES(9, 'Laboratorio_9', 'Carrera Octenaria 9', 5550009, 9);
INSERT INTO Laboratorios (id_laboratorio, nombre, direccion, contacto, id_jefe) VALUES(10, 'Laboratorio_10', 'Diagonal Novenaria 10', 5550010, 10);
INSERT INTO Laboratorios (id_laboratorio, nombre, direccion, contacto, id_jefe) VALUES(11, 'Laboratorio_11', 'Calle Decenaria 11', 5550011, 11);
INSERT INTO Laboratorios (id_laboratorio, nombre, direccion, contacto, id_jefe) VALUES(12, 'Laboratorio_12', 'Avenida Undecenaria 12', 5550012, 12);
INSERT INTO Laboratorios (id_laboratorio, nombre, direccion, contacto, id_jefe) VALUES(13, 'Laboratorio_13', 'Boulevard Duodecenaria 13', 5550013, 13);
INSERT INTO Laboratorios (id_laboratorio, nombre, direccion, contacto, id_jefe) VALUES(14, 'Laboratorio_14', 'Carrera Tredecenaria 14', 5550014, 14);
INSERT INTO Laboratorios (id_laboratorio, nombre, direccion, contacto, id_jefe) VALUES(15, 'Laboratorio_15', 'Diagonal Catorcenaria 15', 5550015, 15);
INSERT INTO Laboratorios (id_laboratorio, nombre, direccion, contacto, id_jefe) VALUES(16, 'Laboratorio_16', 'Calle Quindenaria 16', 5550016, 16);
INSERT INTO Laboratorios (id_laboratorio, nombre, direccion, contacto, id_jefe) VALUES(17, 'Laboratorio_17', 'Avenida Sexdenaria 17', 5550017, 17);
INSERT INTO Laboratorios (id_laboratorio, nombre, direccion, contacto, id_jefe) VALUES(18, 'Laboratorio_18', 'Boulevard Septendecenaria 18', 5550018, 18);
INSERT INTO Laboratorios (id_laboratorio, nombre, direccion, contacto, id_jefe) VALUES(19, 'Laboratorio_19', 'Carrera Octendecenaria 19', 5550019, 19);
INSERT INTO Laboratorios (id_laboratorio, nombre, direccion, contacto, id_jefe) VALUES(20, 'Laboratorio_20', 'Diagonal Vigentenaria 20', 5550020, 20);
INSERT INTO Laboratorios (id_laboratorio, nombre, direccion, contacto, id_jefe) VALUES(21, 'Laboratorio_21', 'Calle Vigentenaria 21', 5550021, 21);
INSERT INTO Laboratorios (id_laboratorio, nombre, direccion, contacto, id_jefe) VALUES(22, 'Laboratorio_22', 'Avenida Vigentenaria 22', 5550022, 22);
INSERT INTO Laboratorios (id_laboratorio, nombre, direccion, contacto, id_jefe) VALUES(23, 'Laboratorio_23', 'Boulevard Vigentenaria 23', 5550023, 23);
INSERT INTO Laboratorios (id_laboratorio, nombre, direccion, contacto, id_jefe) VALUES(24, 'Laboratorio_24', 'Carrera Vigentenaria 24', 5550024, 24);
INSERT INTO Laboratorios (id_laboratorio, nombre, direccion, contacto, id_jefe) VALUES(25, 'Laboratorio_25', 'Diagonal Vigentenaria 25', 5550025, 25);
INSERT INTO Laboratorios (id_laboratorio, nombre, direccion, contacto, id_jefe) VALUES(26, 'Laboratorio_26', 'Calle Vigentenaria 26', 5550026, 26);
INSERT INTO Laboratorios (id_laboratorio, nombre, direccion, contacto, id_jefe) VALUES(27, 'Laboratorio_27', 'Avenida Vigentenaria 27', 5550027, 27);
INSERT INTO Laboratorios (id_laboratorio, nombre, direccion, contacto, id_jefe) VALUES(28, 'Laboratorio_28', 'Boulevard Vigentenaria 28', 5550028, 28);
INSERT INTO Laboratorios (id_laboratorio, nombre, direccion, contacto, id_jefe) VALUES(29, 'Laboratorio_29', 'Carrera Vigentenaria 29', 5550029, 29);
INSERT INTO Laboratorios (id_laboratorio, nombre, direccion, contacto, id_jefe) VALUES(30, 'Laboratorio_30', 'Diagonal Vigentenaria 30', 5550030, 30);
INSERT INTO Laboratorios (id_laboratorio, nombre, direccion, contacto, id_jefe) VALUES(31, 'Laboratorio_31', 'Calle Vigentenaria 31', 5550031, 31);
INSERT INTO Laboratorios (id_laboratorio, nombre, direccion, contacto, id_jefe) VALUES(32, 'Laboratorio_32', 'Avenida Vigentenaria 32', 5550032, 32);
INSERT INTO Laboratorios (id_laboratorio, nombre, direccion, contacto, id_jefe) VALUES(33, 'Laboratorio_33', 'Boulevard Vigentenaria 33', 5550033, 33);
INSERT INTO Laboratorios (id_laboratorio, nombre, direccion, contacto, id_jefe) VALUES(34, 'Laboratorio_34', 'Carrera Vigentenaria 34', 5550034, 34);
INSERT INTO Laboratorios (id_laboratorio, nombre, direccion, contacto, id_jefe) VALUES(35, 'Laboratorio_35', 'Diagonal Vigentenaria 35', 5550035, 35);
INSERT INTO Laboratorios (id_laboratorio, nombre, direccion, contacto, id_jefe) VALUES(36, 'Laboratorio_36', 'Calle Vigentenaria 36', 5550036, 36);
INSERT INTO Laboratorios (id_laboratorio, nombre, direccion, contacto, id_jefe) VALUES(37, 'Laboratorio_37', 'Avenida Vigentenaria 37', 5550037, 37);
INSERT INTO Laboratorios (id_laboratorio, nombre, direccion, contacto, id_jefe) VALUES(38, 'Laboratorio_38', 'Boulevard Vigentenaria 38', 5550038, 38);
INSERT INTO Laboratorios (id_laboratorio, nombre, direccion, contacto, id_jefe) VALUES(39, 'Laboratorio_39', 'Carrera Vigentenaria 39', 5550039, 39);
INSERT INTO Laboratorios (id_laboratorio, nombre, direccion, contacto, id_jefe) VALUES(40, 'Laboratorio_40', 'Diagonal Vigentenaria 40', 5550040, 40);
INSERT INTO Laboratorios (id_laboratorio, nombre, direccion, contacto, id_jefe) VALUES(41, 'Laboratorio_41', 'Calle Vigentenaria 41', 5550041, 41);
INSERT INTO Laboratorios (id_laboratorio, nombre, direccion, contacto, id_jefe) VALUES(42, 'Laboratorio_42', 'Avenida Vigentenaria 42', 5550042, 42);
INSERT INTO Laboratorios (id_laboratorio, nombre, direccion, contacto, id_jefe) VALUES(43, 'Laboratorio_43', 'Boulevard Vigentenaria 43', 5550043, 43);
INSERT INTO Laboratorios (id_laboratorio, nombre, direccion, contacto, id_jefe) VALUES(44, 'Laboratorio_44', 'Carrera Vigentenaria 44', 5550044, 44);
INSERT INTO Laboratorios (id_laboratorio, nombre, direccion, contacto, id_jefe) VALUES(45, 'Laboratorio_45', 'Diagonal Vigentenaria 45', 5550045, 45);
INSERT INTO Laboratorios (id_laboratorio, nombre, direccion, contacto, id_jefe) VALUES(46, 'Laboratorio_46', 'Calle Vigentenaria 46', 5550046, 46);
INSERT INTO Laboratorios (id_laboratorio, nombre, direccion, contacto, id_jefe) VALUES(47, 'Laboratorio_47', 'Avenida Vigentenaria 47', 5550047, 47);
INSERT INTO Laboratorios (id_laboratorio, nombre, direccion, contacto, id_jefe) VALUES(48, 'Laboratorio_48', 'Boulevard Vigentenaria 48', 5550048, 48);
INSERT INTO Laboratorios (id_laboratorio, nombre, direccion, contacto, id_jefe) VALUES(49, 'Laboratorio_49', 'Carrera Vigentenaria 49', 5550049, 49);
INSERT INTO Laboratorios (id_laboratorio, nombre, direccion, contacto, id_jefe) VALUES(50, 'Laboratorio_50', 'Diagonal Vigentenaria 50', 5550050, 50);


INSERT INTO Pacientes (nombre, apellido, id, correo, metodosDePago, residencia) VALUES ('Carlos', 'Perez', 1, 'c.perez@ex.com', 'Tarjeta', 'Madrid');
INSERT INTO Pacientes (nombre, apellido, id, correo, metodosDePago, residencia) VALUES ('Ana', 'Gomez', 2, 'a.gomez@ex.com', 'Transf', 'Barcelona');
INSERT INTO Pacientes (nombre, apellido, id, correo, metodosDePago, residencia) VALUES ('Luis', 'Martinez', 3, 'l.martinez@ex.com', 'Efectivo', 'Valencia');
INSERT INTO Pacientes (nombre, apellido, id, correo, metodosDePago, residencia) VALUES ('Sofia', 'Lopez', 4, 's.lopez@ex.com', 'Tarjeta', 'Sevilla');
INSERT INTO Pacientes (nombre, apellido, id, correo, metodosDePago, residencia) VALUES ('Miguel', 'Rodriguez', 5, 'm.rodriguez@ex.com', 'Efectivo', 'Bilbao');
INSERT INTO Pacientes (nombre, apellido, id, correo, metodosDePago, residencia) VALUES ('Raquel', 'Fernandez', 6, 'r.fernandez@ex.com', 'Transf', 'Malaga');
INSERT INTO Pacientes (nombre, apellido, id, correo, metodosDePago, residencia) VALUES ('Lucia', 'Diaz', 7, 'l.diaz@ex.com', 'Tarjeta', 'Zaragoza');
INSERT INTO Pacientes (nombre, apellido, id, correo, metodosDePago, residencia) VALUES ('Jorge', 'Vega', 8, 'j.vega@ex.com', 'Efectivo', 'Alicante');
INSERT INTO Pacientes (nombre, apellido, id, correo, metodosDePago, residencia) VALUES ('Paula', 'Santos', 9, 'p.santos@ex.com', 'Transf', 'Toledo');
INSERT INTO Pacientes (nombre, apellido, id, correo, metodosDePago, residencia) VALUES ('Diego', 'Castro', 10, 'd.castro@ex.com', 'Tarjeta', 'Murcia');
INSERT INTO Pacientes (nombre, apellido, id, correo, metodosDePago, residencia) VALUES ('Elena', 'Rubio', 11, 'e.rubio@ex.com', 'Efectivo', 'Valladolid');
INSERT INTO Pacientes (nombre, apellido, id, correo, metodosDePago, residencia) VALUES ('Pablo', 'Mendez', 12, 'p.mendez@ex.com', 'Transf', 'Cordoba');
INSERT INTO Pacientes (nombre, apellido, id, correo, metodosDePago, residencia) VALUES ('Carla', 'Jimenez', 13, 'c.jimenez@ex.com', 'Tarjeta', 'Granada');
INSERT INTO Pacientes (nombre, apellido, id, correo, metodosDePago, residencia) VALUES ('Oscar', 'Herrera', 14, 'o.herrera@ex.com', 'Efectivo', 'Leon');
INSERT INTO Pacientes (nombre, apellido, id, correo, metodosDePago, residencia) VALUES ('Maria', 'Navarro', 15, 'm.navarro@ex.com', 'Transf', 'Burgos');
INSERT INTO Pacientes (nombre, apellido, id, correo, metodosDePago, residencia) VALUES ('Daniel', 'Ortega', 16, 'd.ortega@ex.com', 'Tarjeta', 'Salamanca');
INSERT INTO Pacientes (nombre, apellido, id, correo, metodosDePago, residencia) VALUES ('Andrea', 'Mora', 17, 'a.mora@ex.com', 'Efectivo', 'Almeria');
INSERT INTO Pacientes (nombre, apellido, id, correo, metodosDePago, residencia) VALUES ('Ruben', 'Lozano', 18, 'r.lozano@ex.com', 'Transf', 'Lugo');
INSERT INTO Pacientes (nombre, apellido, id, correo, metodosDePago, residencia) VALUES ('Clara', 'Vargas', 19, 'c.vargas@ex.com', 'Tarjeta', 'Oviedo');
INSERT INTO Pacientes (nombre, apellido, id, correo, metodosDePago, residencia) VALUES ('Adrian', 'Iglesias', 20, 'a.iglesias@ex.com', 'Efectivo', 'Santander');
INSERT INTO Pacientes (nombre, apellido, id, correo, metodosDePago, residencia) VALUES ('Monica', 'Pineda', 21, 'm.pineda@ex.com', 'Transf', 'Vitoria');
INSERT INTO Pacientes (nombre, apellido, id, correo, metodosDePago, residencia) VALUES ('Jose', 'Romero', 22, 'j.romero@ex.com', 'Tarjeta', 'Pamplona');
INSERT INTO Pacientes (nombre, apellido, id, correo, metodosDePago, residencia) VALUES ('Veronica', 'Silva', 23, 'v.silva@ex.com', 'Efectivo', 'Girona');
INSERT INTO Pacientes (nombre, apellido, id, correo, metodosDePago, residencia) VALUES ('Alberto', 'Campos', 24, 'a.campos@ex.com', 'Transf', 'Huesca');
INSERT INTO Pacientes (nombre, apellido, id, correo, metodosDePago, residencia) VALUES ('Ines', 'Villar', 25, 'i.villar@ex.com', 'Tarjeta', 'Lerida');
INSERT INTO Pacientes (nombre, apellido, id, correo, metodosDePago, residencia) VALUES ('Manuel', 'Parra', 26, 'm.parra@ex.com', 'Efectivo', 'LaCoruna');
INSERT INTO Pacientes (nombre, apellido, id, correo, metodosDePago, residencia) VALUES ('Carmen', 'Franco', 27, 'c.franco@ex.com', 'Transf', 'Guadalajara');
INSERT INTO Pacientes (nombre, apellido, id, correo, metodosDePago, residencia) VALUES ('Luis', 'Sierra', 28, 'l.sierra@ex.com', 'Tarjeta', 'Cuenca');
INSERT INTO Pacientes (nombre, apellido, id, correo, metodosDePago, residencia) VALUES ('Sonia', 'Galvez', 29, 's.galvez@ex.com', 'Efectivo', 'Logroño');
INSERT INTO Pacientes (nombre, apellido, id, correo, metodosDePago, residencia) VALUES ('Ivan', 'Escobar', 30, 'i.escobar@ex.com', 'Transf', 'Jaen');
INSERT INTO Pacientes (nombre, apellido, id, correo, metodosDePago, residencia) VALUES ('Eva', 'Rios', 31, 'e.rios@ex.com', 'Tarjeta', 'Palencia');
INSERT INTO Pacientes (nombre, apellido, id, correo, metodosDePago, residencia) VALUES ('Raul', 'Castillo', 32, 'r.castillo@ex.com', 'Efectivo', 'Ourense');
INSERT INTO Pacientes (nombre, apellido, id, correo, metodosDePago, residencia) VALUES ('Isabel', 'Guerra', 33, 'i.guerra@ex.com', 'Transf', 'Teruel');
INSERT INTO Pacientes (nombre, apellido, id, correo, metodosDePago, residencia) VALUES ('Sergio', 'Peña', 34, 's.pena@ex.com', 'Tarjeta', 'Ceuta');
INSERT INTO Pacientes (nombre, apellido, id, correo, metodosDePago, residencia) VALUES ('Nuria', 'Fuentes', 35, 'n.fuentes@ex.com', 'Efectivo', 'Melilla');
INSERT INTO Pacientes (nombre, apellido, id, correo, metodosDePago, residencia) VALUES ('Emilio', 'Soler', 36, 'e.soler@ex.com', 'Transf', 'Madrid');
INSERT INTO Pacientes (nombre, apellido, id, correo, metodosDePago, residencia) VALUES ('Silvia', 'Molina', 37, 's.molina@ex.com', 'Tarjeta', 'Sevilla');
INSERT INTO Pacientes (nombre, apellido, id, correo, metodosDePago, residencia) VALUES ('Victor', 'Cano', 38, 'v.cano@ex.com', 'Efectivo', 'Bilbao');
INSERT INTO Pacientes (nombre, apellido, id, correo, metodosDePago, residencia) VALUES ('Lorena', 'Marin', 39, 'l.marin@ex.com', 'Transf', 'Barcelona');
INSERT INTO Pacientes (nombre, apellido, id, correo, metodosDePago, residencia) VALUES ('Pedro', 'Reyes', 40, 'p.reyes@ex.com', 'Tarjeta', 'Valencia');
INSERT INTO Pacientes (nombre, apellido, id, correo, metodosDePago, residencia) VALUES ('Angela', 'Gimenez', 41, 'a.gimenez@ex.com', 'Efectivo', 'Alicante');
INSERT INTO Pacientes (nombre, apellido, id, correo, metodosDePago, residencia) VALUES ('Javier', 'Santana', 42, 'j.santana@ex.com', 'Transf', 'Toledo');
INSERT INTO Pacientes (nombre, apellido, id, correo, metodosDePago, residencia) VALUES ('Patricia', 'Lorenzo', 43, 'p.lorenzo@ex.com', 'Tarjeta', 'Murcia');
INSERT INTO Pacientes (nombre, apellido, id, correo, metodosDePago, residencia) VALUES ('Antonio', 'Espinoza', 44, 'a.espinoza@ex.com', 'Efectivo', 'Valladolid');
INSERT INTO Pacientes (nombre, apellido, id, correo, metodosDePago, residencia) VALUES ('Sara', 'Campos', 45, 's.campos@ex.com', 'Transf', 'Cordoba');
INSERT INTO Pacientes (nombre, apellido, id, correo, metodosDePago, residencia) VALUES ('Mario', 'Escudero', 46, 'm.escudero@ex.com', 'Tarjeta', 'Granada');
INSERT INTO Pacientes (nombre, apellido, id, correo, metodosDePago, residencia) VALUES ('Beatriz', 'Suarez', 47, 'b.suarez@ex.com', 'Efectivo', 'Leon');
INSERT INTO Pacientes (nombre, apellido, id, correo, metodosDePago, residencia) VALUES ('Felipe', 'Medina', 48, 'f.medina@ex.com', 'Transf', 'Burgos');
INSERT INTO Pacientes (nombre, apellido, id, correo, metodosDePago, residencia) VALUES ('Rocio', 'Aguilar', 49, 'r.aguilar@ex.com', 'Tarjeta', 'Salamanca');
INSERT INTO Pacientes (nombre, apellido, id, correo, metodosDePago, residencia) VALUES ('Esteban', 'Valero', 50, 'e.valero@ex.com', 'Efectivo', 'Almeria');


INSERT INTO Medicos (nombre, apellido, identificacion, correo, telefono, estado, numero_consultorio) VALUES ('Juan', 'Garcia', 101, 'j.2arcia@hospital.com', 987654321, 'Activo', 200);
INSERT INTO Medicos (nombre, apellido, identificacion, correo, telefono, estado, numero_consultorio) VALUES ('Laura', 'Ramirez', 102, 'l.1amirez@clinica.com', 123456789, 'Activo', 201);
INSERT INTO Medicos (nombre, apellido, identificacion, correo, telefono, estado, numero_consultorio) VALUES ('Pablo', 'Fernandez', 103, 'p.3ernandez@salud.com', 456789123, 'Inactivo', 202);
INSERT INTO Medicos (nombre, apellido, identificacion, correo, telefono, estado, numero_consultorio) VALUES ('Ana', 'Martinez', 104, 'a.ma4tinez@hospital.com', 321456789, 'Activo', 203);
INSERT INTO Medicos (nombre, apellido, identificacion, correo, telefono, estado, numero_consultorio) VALUES ('Carlos', 'Sanchez', 105, 'c.5anchez@clinica.com', 654123987, 'Activo', 204);
INSERT INTO Medicos (nombre, apellido, identificacion, correo, telefono, estado, numero_consultorio) VALUES ('Elena', 'Lopez', 106, 'e.lo6ez@salud.com', 987321456, 'Inactivo', 205);
INSERT INTO Medicos (nombre, apellido, identificacion, correo, telefono, estado, numero_consultorio) VALUES ('Miguel', 'Gomez', 107, 'm.g7mez@hospital.com', 789654123, 'Activo', 206);
INSERT INTO Medicos (nombre, apellido, identificacion, correo, telefono, estado, numero_consultorio) VALUES ('Sofia', 'Morales', 108, 's.8orales@clinica.com', 654987321, 'Activo', 207);
INSERT INTO Medicos (nombre, apellido, identificacion, correo, telefono, estado, numero_consultorio) VALUES ('Luis', 'Perez', 109, 'l.per9z@salud.com', 456123789, 'Activo', 208);
INSERT INTO Medicos (nombre, apellido, identificacion, correo, telefono, estado, numero_consultorio) VALUES ('Isabel', 'Rodriguez', 110, 'i.1odriguez@hospital.com', 789123654, 'Inactivo', 209);
INSERT INTO Medicos (nombre, apellido, identificacion, correo, telefono, estado, numero_consultorio) VALUES ('Andres', 'Diaz', 111, 'a.diaz@1l1nica.com', 123789456, 'Activo', 210);
INSERT INTO Medicos (nombre, apellido, identificacion, correo, telefono, estado, numero_consultorio) VALUES ('Valeria', 'Hernandez', 112, 'v.hernand12@salud.com', 987654312, 'Activo', 211);
INSERT INTO Medicos (nombre, apellido, identificacion, correo, telefono, estado, numero_consultorio) VALUES ('Ricardo', 'Jimenez', 113, 'r.jimenez@13spital.com', 321789654, 'Activo', 212);
INSERT INTO Medicos (nombre, apellido, identificacion, correo, telefono, estado, numero_consultorio) VALUES ('Mariana', 'Castro', 114, 'm.castro@c14nica.com', 654321789, 'Activo', 213);
INSERT INTO Medicos (nombre, apellido, identificacion, correo, telefono, estado, numero_consultorio) VALUES ('Daniel', 'Guerrero', 115, 'd.guer15ro@salud.com', 456789123, 'Inactivo', 214);
INSERT INTO Medicos (nombre, apellido, identificacion, correo, telefono, estado, numero_consultorio) VALUES ('Lucia', 'Reyes', 116, 'l.reyes@hos16ital.com', 789456321, 'Activo', 215);
INSERT INTO Medicos (nombre, apellido, identificacion, correo, telefono, estado, numero_consultorio) VALUES ('Esteban', 'Ortiz', 117, 'e.ortiz@c17nica.com', 321654987, 'Activo', 216);
INSERT INTO Medicos (nombre, apellido, identificacion, correo, telefono, estado, numero_consultorio) VALUES ('Rosa', 'Rivas', 118, 'r.rivas@18lud.com', 654789321, 'Activo', 217);
INSERT INTO Medicos (nombre, apellido, identificacion, correo, telefono, estado, numero_consultorio) VALUES ('Pedro', 'Salazar', 119, 'p.sa19zar@hospital.com', 987123456, 'Inactivo', 218);
INSERT INTO Medicos (nombre, apellido, identificacion, correo, telefono, estado, numero_consultorio) VALUES ('Claudia', 'Escobar', 120, 'c.20cobar@clinica.com', 123456987, 'Activo', 219);
INSERT INTO Medicos (nombre, apellido, identificacion, correo, telefono, estado, numero_consultorio) VALUES ('Jose', 'Mendoza', 121, 'j.men21za@salud.com', 456987123, 'Activo', 220);
INSERT INTO Medicos (nombre, apellido, identificacion, correo, telefono, estado, numero_consultorio) VALUES ('Monica', 'Figueroa', 122, 'm.22gueroa@hospital.com', 789321654, 'Activo', 221);
INSERT INTO Medicos (nombre, apellido, identificacion, correo, telefono, estado, numero_consultorio) VALUES ('Diego', 'Vargas', 123, 'd.va23as@clinica.com', 321987456, 'Activo', 222);
INSERT INTO Medicos (nombre, apellido, identificacion, correo, telefono, estado, numero_consultorio) VALUES ('Paula', 'Torres', 124, 'p.to24es@salud.com', 654123789, 'Inactivo', 223);
INSERT INTO Medicos (nombre, apellido, identificacion, correo, telefono, estado, numero_consultorio) VALUES ('Sergio', 'Naranjo', 125, 's.25ranjo@hospital.com', 987654123, 'Activo', 224);
INSERT INTO Medicos (nombre, apellido, identificacion, correo, telefono, estado, numero_consultorio) VALUES ('Laura', 'Cruz', 126, 'l.cruz@26inica.com', 456789321, 'Activo', 225);
INSERT INTO Medicos (nombre, apellido, identificacion, correo, telefono, estado, numero_consultorio) VALUES ('Gabriel', 'Pineda', 127, 'g.27neda@salud.com', 789123456, 'Activo', 226);
INSERT INTO Medicos (nombre, apellido, identificacion, correo, telefono, estado, numero_consultorio) VALUES ('Carolina', 'Suarez', 128, 'c.28arez@hospital.com', 321654789, 'Activo', 227);
INSERT INTO Medicos (nombre, apellido, identificacion, correo, telefono, estado, numero_consultorio) VALUES ('Rafael', 'Chavez', 129, 'r.ch29ez@clinica.com', 654987123, 'Inactivo', 228);
INSERT INTO Medicos (nombre, apellido, identificacion, correo, telefono, estado, numero_consultorio) VALUES ('Gloria', 'Medina', 130, 'g.me30na@salud.com', 123789654, 'Activo', 229);
INSERT INTO Medicos (nombre, apellido, identificacion, correo, telefono, estado, numero_consultorio) VALUES ('Camilo', 'Peña', 131, 'c.pena@31spital.com', 987321654, 'Activo', 230);
INSERT INTO Medicos (nombre, apellido, identificacion, correo, telefono, estado, numero_consultorio) VALUES ('Patricia', 'Padilla', 132, 'p.32dilla@clinica.com', 321456987, 'Activo', 231);
INSERT INTO Medicos (nombre, apellido, identificacion, correo, telefono, estado, numero_consultorio) VALUES ('Oscar', 'Guerra', 133, 'o.gue33a@salud.com', 654123456, 'Inactivo', 232);
INSERT INTO Medicos (nombre, apellido, identificacion, correo, telefono, estado, numero_consultorio) VALUES ('Liliana', 'Cardenas', 134, 'l.34rdenas@hospital.com', 789654321, 'Activo', 233);
INSERT INTO Medicos (nombre, apellido, identificacion, correo, telefono, estado, numero_consultorio) VALUES ('Cristian', 'Bermudez', 135, 'c.35rmudez@clinica.com', 123456321, 'Activo', 234);
INSERT INTO Medicos (nombre, apellido, identificacion, correo, telefono, estado, numero_consultorio) VALUES ('Diana', 'Quintero', 136, 'd.qui36ero@salud.com', 456321789, 'Activo', 235);
INSERT INTO Medicos (nombre, apellido, identificacion, correo, telefono, estado, numero_consultorio) VALUES ('Hernan', 'Murillo', 137, 'h.mur37lo@hospital.com', 789321123, 'Inactivo', 236);
INSERT INTO Medicos (nombre, apellido, identificacion, correo, telefono, estado, numero_consultorio) VALUES ('Natalia', 'Beltran', 138, 'n.be38ran@clinica.com', 321789123, 'Activo', 237);
INSERT INTO Medicos (nombre, apellido, identificacion, correo, telefono, estado, numero_consultorio) VALUES ('Alberto', 'Cortes', 139, 'a.39rtes@salud.com', 654321123, 'Activo', 238);
INSERT INTO Medicos (nombre, apellido, identificacion, correo, telefono, estado, numero_consultorio) VALUES ('Lorena', 'Vergara', 140, 'l.40rgara@hospital.com', 987456789, 'Activo', 239);
INSERT INTO Medicos (nombre, apellido, identificacion, correo, telefono, estado, numero_consultorio) VALUES ('Felipe', 'Navarro', 141, 'f.41varro@clinica.com', 123789321, 'Activo', 240);
INSERT INTO Medicos (nombre, apellido, identificacion, correo, telefono, estado, numero_consultorio) VALUES ('Sandra', 'Camacho', 142, 's.42macho@salud.com', 456123654, 'Activo', 241);
INSERT INTO Medicos (nombre, apellido, identificacion, correo, telefono, estado, numero_consultorio) VALUES ('Mario', 'Aguilar', 143, 'm.a43ilar@hospital.com', 789654987, 'Activo', 242);
INSERT INTO Medicos (nombre, apellido, identificacion, correo, telefono, estado, numero_consultorio) VALUES ('Viviana', 'Benitez', 144, 'v.44nitez@clinica.com', 321987654, 'Inactivo', 243);
INSERT INTO Medicos (nombre, apellido, identificacion, correo, telefono, estado, numero_consultorio) VALUES ('Jaime', 'Rojas', 145, 'j.ro45s@salud.com', 654789987, 'Activo', 244);
INSERT INTO Medicos (nombre, apellido, identificacion, correo, telefono, estado, numero_consultorio) VALUES ('Daniela', 'Franco', 146, 'd.46anco@hospital.com', 123654987, 'Activo', 245);
INSERT INTO Medicos (nombre, apellido, identificacion, correo, telefono, estado, numero_consultorio) VALUES ('Javier', 'Lozano', 147, 'j.l47ano@clinica.com', 456789654, 'Activo', 246);
INSERT INTO Medicos (nombre, apellido, identificacion, correo, telefono, estado, numero_consultorio) VALUES ('Beatriz', 'Cano', 148, 'b.ca48@salud.com', 789123789, 'Activo', 247);
INSERT INTO Medicos (nombre, apellido, identificacion, correo, telefono, estado, numero_consultorio) VALUES ('Fernando', 'Mora', 149, 'f.m49a@hospital.com', 321456123, 'Inactivo', 248);
INSERT INTO Medicos (nombre, apellido, identificacion, correo, telefono, estado, numero_consultorio) VALUES ('Ximena', 'Pacheco', 150, 'x.p50heco@clinica.com', 654987789, 'Activo', 249);

INSERT INTO Especialistas (nombre, apellido, identificacion_especialistas, correo, telefono, estado, especialidad, numero_consultorio) VALUES ('Laura', 'Gomez', 101, 'laura.gomez@ejemplo.com', 3001234567, 'Activo', 'Cardiologia', 1);
INSERT INTO Especialistas (nombre, apellido, identificacion_especialistas, correo, telefono, estado, especialidad, numero_consultorio) VALUES ('Carlos', 'Martinez', 102, 'carlos.martinez@ejemplo.com', 3007654321, 'Activo', 'Pediatria', 2);
INSERT INTO Especialistas (nombre, apellido, identificacion_especialistas, correo, telefono, estado, especialidad, numero_consultorio) VALUES ('Ana', 'Fernandez', 103, 'ana.fernandez@ejemplo.com', 3012345678, 'Inactivo', 'Dermatologia', 3);
INSERT INTO Especialistas (nombre, apellido, identificacion_especialistas, correo, telefono, estado, especialidad, numero_consultorio) VALUES ('Juan', 'Perez', 104, 'juan.perez@ejemplo.com', 3004567890, 'Activo', 'Medicina Interna', 4);
INSERT INTO Especialistas (nombre, apellido, identificacion_especialistas, correo, telefono, estado, especialidad, numero_consultorio) VALUES ('Marta', 'Lopez', 105, 'marta.lopez@ejemplo.com', 3005678901, 'Activo', 'Endocrinologia', 5);
INSERT INTO Especialistas (nombre, apellido, identificacion_especialistas, correo, telefono, estado, especialidad, numero_consultorio) VALUES ('Raul', 'Diaz', 106, 'raul.diaz@ejemplo.com', 3006789012, 'Activo', 'Pediatria', 6);
INSERT INTO Especialistas (nombre, apellido, identificacion_especialistas, correo, telefono, estado, especialidad, numero_consultorio) VALUES ('Elena', 'Garcia', 107, 'elena.garcia@ejemplo.com', 3007890123, 'Activo', 'Cirugia', 7);
INSERT INTO Especialistas (nombre, apellido, identificacion_especialistas, correo, telefono, estado, especialidad, numero_consultorio) VALUES ('Luis', 'Ramirez', 108, 'luis.ramirez@ejemplo.com', 3008901234, 'Inactivo', 'Cardiologia', 8);
INSERT INTO Especialistas (nombre, apellido, identificacion_especialistas, correo, telefono, estado, especialidad, numero_consultorio) VALUES ('Maria', 'Fernandez', 109, 'maria.fernandez@ejemplo.com', 3012345678, 'Activo', 'Dermatologia', 9);
INSERT INTO Especialistas (nombre, apellido, identificacion_especialistas, correo, telefono, estado, especialidad, numero_consultorio) VALUES ('Pedro', 'Torres', 110, 'pedro.torres@ejemplo.com', 3013456789, 'Activo', 'Medicina Interna', 10);
INSERT INTO Especialistas (nombre, apellido, identificacion_especialistas, correo, telefono, estado, especialidad, numero_consultorio) VALUES ('Claudia', 'Rojas', 111, 'claudia.rojas@ejemplo.com', 3014567890, 'Inactivo', 'Endocrinologia', 11);
INSERT INTO Especialistas (nombre, apellido, identificacion_especialistas, correo, telefono, estado, especialidad, numero_consultorio) VALUES ('Carlos', 'Navarro', 112, 'carlos.navarro@ejemplo.com', 3015678901, 'Activo', 'Pediatria', 12);
INSERT INTO Especialistas (nombre, apellido, identificacion_especialistas, correo, telefono, estado, especialidad, numero_consultorio) VALUES ('Sandra', 'Gutierrez', 113, 'sandra.gutierrez@ejemplo.com', 3016789012, 'Activo', 'Cirugia', 13);
INSERT INTO Especialistas (nombre, apellido, identificacion_especialistas, correo, telefono, estado, especialidad, numero_consultorio) VALUES ('Andres', 'Ortega', 114, 'andres.ortega@ejemplo.com', 3017890123, 'Activo', 'Cardiologia', 14);
INSERT INTO Especialistas (nombre, apellido, identificacion_especialistas, correo, telefono, estado, especialidad, numero_consultorio) VALUES ('Laura', 'Mendoza', 115, 'laura.mendoza@ejemplo.com', 3018901234, 'Activo', 'Dermatologia', 15);
INSERT INTO Especialistas (nombre, apellido, identificacion_especialistas, correo, telefono, estado, especialidad, numero_consultorio) VALUES ('Jorge', 'Castillo', 116, 'jorge.castillo@ejemplo.com', 3021234567, 'Inactivo', 'Medicina Interna', 16);
INSERT INTO Especialistas (nombre, apellido, identificacion_especialistas, correo, telefono, estado, especialidad, numero_consultorio) VALUES ('Paula', 'Jimenez', 117, 'paula.jimenez@ejemplo.com', 3022345678, 'Activo', 'Endocrinologia', 17);
INSERT INTO Especialistas (nombre, apellido, identificacion_especialistas, correo, telefono, estado, especialidad, numero_consultorio) VALUES ('Diego', 'Suarez', 118, 'diego.suarez@ejemplo.com', 3023456789, 'Activo', 'Pediatria', 18);
INSERT INTO Especialistas (nombre, apellido, identificacion_especialistas, correo, telefono, estado, especialidad, numero_consultorio) VALUES ('Gloria', 'Herrera', 119, 'gloria.herrera@ejemplo.com', 3024567890, 'Activo', 'Cirugia', 19);
INSERT INTO Especialistas (nombre, apellido, identificacion_especialistas, correo, telefono, estado, especialidad, numero_consultorio) VALUES ('Ricardo', 'Moreno', 120, 'ricardo.moreno@ejemplo.com', 3025678901, 'Inactivo', 'Cardiologia', 20);
INSERT INTO Especialistas (nombre, apellido, identificacion_especialistas, correo, telefono, estado, especialidad, numero_consultorio) VALUES ('Angela', 'Cruz', 121, 'angela.cruz@ejemplo.com', 3026789012, 'Activo', 'Dermatologia', 21);
INSERT INTO Especialistas (nombre, apellido, identificacion_especialistas, correo, telefono, estado, especialidad, numero_consultorio) VALUES ('Fernando', 'Villalobos', 122, 'fernand.villalobos@ejemplo.com', 3027890123, 'Activo', 'Medicina Interna', 22);
INSERT INTO Especialistas (nombre, apellido, identificacion_especialistas, correo, telefono, estado, especialidad, numero_consultorio) VALUES ('Gabriela', 'Pineda', 123, 'gabriela.pineda@ejemplo.com', 3028901234, 'Inactivo', 'Endocrinologia', 23);
INSERT INTO Especialistas (nombre, apellido, identificacion_especialistas, correo, telefono, estado, especialidad, numero_consultorio) VALUES ('Hector', 'Romero', 124, 'hector.romero@ejemplo.com', 3031234567, 'Activo', 'Pediatria', 24);
INSERT INTO Especialistas (nombre, apellido, identificacion_especialistas, correo, telefono, estado, especialidad, numero_consultorio) VALUES ('Natalia', 'Castro', 125, 'natalia.castro@ejemplo.com', 3032345678, 'Activo', 'Cirugia', 25);
INSERT INTO Especialistas (nombre, apellido, identificacion_especialistas, correo, telefono, estado, especialidad, numero_consultorio) VALUES ('Ivan', 'Bermudez', 126, 'ivan.bermudez@ejemplo.com', 3033456789, 'Inactivo', 'Cardiologia', 26);
INSERT INTO Especialistas (nombre, apellido, identificacion_especialistas, correo, telefono, estado, especialidad, numero_consultorio) VALUES ('Silvia', 'Vega', 127, 'silvia.vega@ejemplo.com', 3034567890, 'Activo', 'Dermatologia', 27);
INSERT INTO Especialistas (nombre, apellido, identificacion_especialistas, correo, telefono, estado, especialidad, numero_consultorio) VALUES ('Oscar', 'Salazar', 128, 'oscar.salazar@ejemplo.com', 3035678901, 'Activo', 'Medicina Interna', 28);
INSERT INTO Especialistas (nombre, apellido, identificacion_especialistas, correo, telefono, estado, especialidad, numero_consultorio) VALUES ('Patricia', 'Roldan', 129, 'patricia.roldan@ejemplo.com', 3036789012, 'Activo', 'Endocrinologia', 29);
INSERT INTO Especialistas (nombre, apellido, identificacion_especialistas, correo, telefono, estado, especialidad, numero_consultorio) VALUES ('Victor', 'Acosta', 130, 'victor.acosta@ejemplo.com', 3037890123, 'Activo', 'Pediatria', 30);
INSERT INTO Especialistas (nombre, apellido, identificacion_especialistas, correo, telefono, estado, especialidad, numero_consultorio) VALUES ('Luz', 'Palacios', 131, 'luz.palacios@ejemplo.com', 3038901234, 'Activo', 'Cirugia', 31);
INSERT INTO Especialistas (nombre, apellido, identificacion_especialistas, correo, telefono, estado, especialidad, numero_consultorio) VALUES ('Sergio', 'Ortiz', 132, 'sergio.ortiz@ejemplo.com', 3041234567, 'Inactivo', 'Cardiologia', 32);
INSERT INTO Especialistas (nombre, apellido, identificacion_especialistas, correo, telefono, estado, especialidad, numero_consultorio) VALUES ('Alejandra', 'Lozano', 133, 'alejandra.lozano@ejemplo.com', 3042345678, 'Activo', 'Dermatologia', 33);
INSERT INTO Especialistas (nombre, apellido, identificacion_especialistas, correo, telefono, estado, especialidad, numero_consultorio) VALUES ('Diego', 'Mejia', 134, 'diego.mejia@ejemplo.com', 3043456789, 'Activo', 'Medicina Interna', 34);
INSERT INTO Especialistas (nombre, apellido, identificacion_especialistas, correo, telefono, estado, especialidad, numero_consultorio) VALUES ('Marina', 'Guerrero', 135, 'marina.gurrer@ejemplo.com', 3044567890, 'Activo', 'Endocrinologia', 35);
INSERT INTO Especialistas (nombre, apellido, identificacion_especialistas, correo, telefono, estado, especialidad, numero_consultorio) VALUES ('Rodrigo', 'Camacho', 136, 'rodrigo.camacho@ejemplo.com', 3045678901, 'Activo', 'Pediatria', 36);
INSERT INTO Especialistas (nombre, apellido, identificacion_especialistas, correo, telefono, estado, especialidad, numero_consultorio) VALUES ('Elisa', 'Garzon', 137, 'elisa.garzon@ejemplo.com', 3046789012, 'Inactivo', 'Cirugia', 37);
INSERT INTO Especialistas (nombre, apellido, identificacion_especialistas, correo, telefono, estado, especialidad, numero_consultorio) VALUES ('Cesar', 'Alvarez', 138, 'cesar.alvarez@ejemplo.com', 3047890123, 'Activo', 'Cardiologia', 38);
INSERT INTO Especialistas (nombre, apellido, identificacion_especialistas, correo, telefono, estado, especialidad, numero_consultorio) VALUES ('Lorena', 'Marquez', 139, 'lorena.marquez@ejemplo.com', 3048901234, 'Activo', 'Dermatologia', 39);
INSERT INTO Especialistas (nombre, apellido, identificacion_especialistas, correo, telefono, estado, especialidad, numero_consultorio) VALUES ('Alberto', 'Muñoz', 140, 'alberto.munoz@ejemplo.com', 3051234567, 'Activo', 'Medicina Interna', 40);
INSERT INTO Especialistas (nombre, apellido, identificacion_especialistas, correo, telefono, estado, especialidad, numero_consultorio) VALUES ('Valeria', 'Soto', 141, 'valeria.soto@ejemplo.com', 3052345678, 'Activo', 'Endocrinologia', 41);
INSERT INTO Especialistas (nombre, apellido, identificacion_especialistas, correo, telefono, estado, especialidad, numero_consultorio) VALUES ('Ricardo', 'Herrera', 142, 'ricardo.herrera@ejemplo.com', 3053456789, 'Inactivo', 'Pediatria', 42);
INSERT INTO Especialistas (nombre, apellido, identificacion_especialistas, correo, telefono, estado, especialidad, numero_consultorio) VALUES ('Teresa', 'Campos', 143, 'teresa.campos@ejemplo.com', 3054567890, 'Activo', 'Cirugia', 43);
INSERT INTO Especialistas (nombre, apellido, identificacion_especialistas, correo, telefono, estado, especialidad, numero_consultorio) VALUES ('Jorge', 'Morales', 144, 'jorge.morales@ejemplo.com', 3055678901, 'Activo', 'Cardiologia', 44);
INSERT INTO Especialistas (nombre, apellido, identificacion_especialistas, correo, telefono, estado, especialidad, numero_consultorio) VALUES ('Carolina', 'Rojas', 145, 'carolina.rojas@ejemplo.com', 3056789012, 'Activo', 'Dermatologia', 45);
INSERT INTO Especialistas (nombre, apellido, identificacion_especialistas, correo, telefono, estado, especialidad, numero_consultorio) VALUES ('Luis', 'Quintero', 146, 'luis.quintero@ejemplo.com', 3057890123, 'Inactivo', 'Medicina Interna', 46);
INSERT INTO Especialistas (nombre, apellido, identificacion_especialistas, correo, telefono, estado, especialidad, numero_consultorio) VALUES ('Sandra', 'Villalobos', 147, 'sandra.villalobos@ejemplo.com', 3058901234, 'Activo', 'Endocrinologia', 47);
INSERT INTO Especialistas (nombre, apellido, identificacion_especialistas, correo, telefono, estado, especialidad, numero_consultorio) VALUES ('Pablo', 'Torres', 148, 'pablo.torres@ejemplo.com', 3061234567, 'Activo', 'Pediatria', 48);
INSERT INTO Especialistas (nombre, apellido, identificacion_especialistas, correo, telefono, estado, especialidad, numero_consultorio) VALUES ('Julia', 'Arango', 149, 'julia.arango@ejemplo.com', 3062345678, 'Activo', 'Cirugia', 49);
INSERT INTO Especialistas (nombre, apellido, identificacion_especialistas, correo, telefono, estado, especialidad, numero_consultorio) VALUES ('Sebastian', 'Guzman', 150, 'sebastian.guzman@ejemplo.com', 3063456789, 'Inactivo', 'Cardiologia', 50);



INSERT INTO MGeneral (nombre, apellido, identificacion_m_general, correo, telefono, estado, area_atencion, numero_consultorio) VALUES ('Carlos', 'Martínez', 101, 'carlos.martinez@example.com', 3214567890, 'Activo', 'Primera Infancia', 51);
INSERT INTO MGeneral (nombre, apellido, identificacion_m_general, correo, telefono, estado, area_atencion, numero_consultorio) VALUES ('Luisa', 'Gómez', 102, 'luisa.gomez@example.com', 3119876543, 'Inactivo', 'Adultos', 52);
INSERT INTO MGeneral (nombre, apellido, identificacion_m_general, correo, telefono, estado, area_atencion, numero_consultorio) VALUES ('María', 'López', 103, 'maria.lopez@example.com', 3001234567, 'Activo', 'Tercera Edad', 53);
INSERT INTO MGeneral (nombre, apellido, identificacion_m_general, correo, telefono, estado, area_atencion, numero_consultorio) VALUES ('Andrea', 'Pérez', 104, 'andrea.perez@example.com', 3123456789, 'Activo', 'Adolescentes', 54);
INSERT INTO MGeneral (nombre, apellido, identificacion_m_general, correo, telefono, estado, area_atencion, numero_consultorio) VALUES ('José', 'Hernández', 105, 'jose.hernandez@example.com', 3102345678, 'Inactivo', 'Primera Infancia', 55);
INSERT INTO MGeneral (nombre, apellido, identificacion_m_general, correo, telefono, estado, area_atencion, numero_consultorio) VALUES ('Lucía', 'Ramírez', 106, 'lucia.ramirez@example.com', 3134567890, 'Activo', 'General', 56);
INSERT INTO MGeneral (nombre, apellido, identificacion_m_general, correo, telefono, estado, area_atencion, numero_consultorio) VALUES ('Juan', 'Fernández', 107, 'juan.fernandez@example.com', 3145678901, 'Activo', 'Adultos', 57);
INSERT INTO MGeneral (nombre, apellido, identificacion_m_general, correo, telefono, estado, area_atencion, numero_consultorio) VALUES ('Carolina', 'Suárez', 108, 'carolina.suarez@example.com', 3156789012, 'Inactivo', 'Tercera Edad', 58);
INSERT INTO MGeneral (nombre, apellido, identificacion_m_general, correo, telefono, estado, area_atencion, numero_consultorio) VALUES ('Pedro', 'Ríos', 109, 'pedro.rios@example.com', 3167890123, 'Activo', 'General', 59);
INSERT INTO MGeneral (nombre, apellido, identificacion_m_general, correo, telefono, estado, area_atencion, numero_consultorio) VALUES ('Marta', 'García', 110, 'marta.garcia@example.com', 3178901234, 'Inactivo', 'General', 60);
INSERT INTO MGeneral (nombre, apellido, identificacion_m_general, correo, telefono, estado, area_atencion, numero_consultorio) VALUES ('Laura', 'Castillo', 111, 'laura.castillo@example.com', 3189012345, 'Activo', 'General', 61);
INSERT INTO MGeneral (nombre, apellido, identificacion_m_general, correo, telefono, estado, area_atencion, numero_consultorio) VALUES ('Felipe', 'Vargas', 112, 'felipe.vargas@example.com', 3190123456, 'Activo', 'Adolescentes', 62);
INSERT INTO MGeneral (nombre, apellido, identificacion_m_general, correo, telefono, estado, area_atencion, numero_consultorio) VALUES ('Diana', 'Silva', 113, 'diana.silva@example.com', 3201234567, 'Inactivo', 'General', 63);
INSERT INTO MGeneral (nombre, apellido, identificacion_m_general, correo, telefono, estado, area_atencion, numero_consultorio) VALUES ('Samuel', 'Jiménez', 114, 'samuel.jimenez@example.com', 3212345678, 'Activo', 'General', 64);
INSERT INTO MGeneral (nombre, apellido, identificacion_m_general, correo, telefono, estado, area_atencion, numero_consultorio) VALUES ('Paula', 'Gómez', 115, 'paula.gomez@example.com', 3223456789, 'Inactivo', 'Adultos', 65);
INSERT INTO MGeneral (nombre, apellido, identificacion_m_general, correo, telefono, estado, area_atencion, numero_consultorio) VALUES ('Rafael', 'Cabrera', 116, 'rafael.cabrera@example.com', 3234567890, 'Activo', 'General', 66);
INSERT INTO MGeneral (nombre, apellido, identificacion_m_general, correo, telefono, estado, area_atencion, numero_consultorio) VALUES ('Camila', 'Vega', 117, 'camila.vega@example.com', 3245678901, 'Activo', 'General', 67);
INSERT INTO MGeneral (nombre, apellido, identificacion_m_general, correo, telefono, estado, area_atencion, numero_consultorio) VALUES ('Nicolás', 'Morales', 118, 'nicolas.morales@example.com', 3256789012, 'Inactivo', 'General', 68);
INSERT INTO MGeneral (nombre, apellido, identificacion_m_general, correo, telefono, estado, area_atencion, numero_consultorio) VALUES ('Gabriela', 'Navarro', 119, 'gabriela.navarro@example.com', 3267890123, 'Activo', 'General', 69);
INSERT INTO MGeneral (nombre, apellido, identificacion_m_general, correo, telefono, estado, area_atencion, numero_consultorio) VALUES ('Luis', 'Ortega', 120, 'luis.ortega@example.com', 3278901234, 'Inactivo', 'Primera Infancia', 70);
INSERT INTO MGeneral (nombre, apellido, identificacion_m_general, correo, telefono, estado, area_atencion, numero_consultorio) VALUES ('Valeria', 'Mejía', 121, 'valeria.mejia@example.com', 3289012345, 'Activo', 'General', 71);
INSERT INTO MGeneral (nombre, apellido, identificacion_m_general, correo, telefono, estado, area_atencion, numero_consultorio) VALUES ('Esteban', 'Cruz', 122, 'esteban.cruz@example.com', 3290123456, 'Activo', 'General', 72);
INSERT INTO MGeneral (nombre, apellido, identificacion_m_general, correo, telefono, estado, area_atencion, numero_consultorio) VALUES ('Sofía', 'Martínez', 123, 'sofia.martinez@example.com', 3301234567, 'Inactivo', 'Adolescentes', 73);
INSERT INTO MGeneral (nombre, apellido, identificacion_m_general, correo, telefono, estado, area_atencion, numero_consultorio) VALUES ('Carlos', 'López', 124, 'carlos.lopez@example.com', 3312345678, 'Activo', 'Adultos', 74);
INSERT INTO MGeneral (nombre, apellido, identificacion_m_general, correo, telefono, estado, area_atencion, numero_consultorio) VALUES ('Isabel', 'Torres', 125, 'isabel.torres@example.com', 3323456789, 'Activo', 'Tercera Edad', 75);
INSERT INTO MGeneral (nombre, apellido, identificacion_m_general, correo, telefono, estado, area_atencion, numero_consultorio) VALUES ('Diego', 'Rivera', 126, 'diego.rivera@example.com', 3334567890, 'Inactivo', 'General', 76);
INSERT INTO MGeneral (nombre, apellido, identificacion_m_general, correo, telefono, estado, area_atencion, numero_consultorio) VALUES ('Elena', 'Guerrero', 127, 'elena.guerrero@example.com', 3345678901, 'Activo', 'Primera Infancia', 77);
INSERT INTO MGeneral (nombre, apellido, identificacion_m_general, correo, telefono, estado, area_atencion, numero_consultorio) VALUES ('Mario', 'Paredes', 128, 'mario.paredes@example.com', 3356789012, 'Activo', 'General', 78);
INSERT INTO MGeneral (nombre, apellido, identificacion_m_general, correo, telefono, estado, area_atencion, numero_consultorio) VALUES ('Daniela', 'Quintero', 129, 'daniela.quintero@example.com', 3367890123, 'Inactivo', 'General', 79);
INSERT INTO MGeneral (nombre, apellido, identificacion_m_general, correo, telefono, estado, area_atencion, numero_consultorio) VALUES ('Ricardo', 'Alonso', 130, 'ricardo.alonso@example.com', 3378901234, 'Activo', 'Adolescentes', 80);
INSERT INTO MGeneral (nombre, apellido, identificacion_m_general, correo, telefono, estado, area_atencion, numero_consultorio) VALUES ('Mariana', 'Esquivel', 131, 'mariana.esquivel@example.com', 3389012345, 'Activo', 'Adultos', 81);
INSERT INTO MGeneral (nombre, apellido, identificacion_m_general, correo, telefono, estado, area_atencion, numero_consultorio) VALUES ('Javier', 'Bustos', 132, 'javier.bustos@example.com', 3390123456, 'Inactivo', 'Tercera Edad', 82);
INSERT INTO MGeneral (nombre, apellido, identificacion_m_general, correo, telefono, estado, area_atencion, numero_consultorio) VALUES ('Natalia', 'Peña', 133, 'natalia.pena@example.com', 3401234567, 'Activo', 'General', 83);
INSERT INTO MGeneral (nombre, apellido, identificacion_m_general, correo, telefono, estado, area_atencion, numero_consultorio) VALUES ('Santiago', 'Mendoza', 134, 'santiago.mendoza@example.com', 3412345678, 'Activo', 'General', 84);
INSERT INTO MGeneral (nombre, apellido, identificacion_m_general, correo, telefono, estado, area_atencion, numero_consultorio) VALUES ('Alejandra', 'Castañeda', 135, 'alejandr.castaneda@example.com', 3423456789, 'Inactivo', 'Primera Infancia', 85);
INSERT INTO MGeneral (nombre, apellido, identificacion_m_general, correo, telefono, estado, area_atencion, numero_consultorio) VALUES ('Victor', 'Carrillo', 136, 'victor.carrillo@example.com', 3434567890, 'Activo', 'General', 86);
INSERT INTO MGeneral (nombre, apellido, identificacion_m_general, correo, telefono, estado, area_atencion, numero_consultorio) VALUES ('Clara', 'Bermúdez', 137, 'clara.bermudez@example.com', 3445678901, 'Activo', 'General', 87);
INSERT INTO MGeneral (nombre, apellido, identificacion_m_general, correo, telefono, estado, area_atencion, numero_consultorio) VALUES ('Andrés', 'Gallego', 138, 'andres.gallego@example.com', 3456789012, 'Inactivo', 'General', 88);
INSERT INTO MGeneral (nombre, apellido, identificacion_m_general, correo, telefono, estado, area_atencion, numero_consultorio) VALUES ('Patricia', 'Domínguez', 139, 'patricia.dominguez@example.com', 3467890123, 'Activo', 'Adolescentes', 89);
INSERT INTO MGeneral (nombre, apellido, identificacion_m_general, correo, telefono, estado, area_atencion, numero_consultorio) VALUES ('Sebastián', 'Ruiz', 140, 'sebastian.ruiz@example.com', 3478901234, 'Activo', 'Adultos', 90);
INSERT INTO MGeneral (nombre, apellido, identificacion_m_general, correo, telefono, estado, area_atencion, numero_consultorio) VALUES ('Adriana', 'Soto', 141, 'adriana.soto@example.com', 3489012345, 'Inactivo', 'Tercera Edad', 91);
INSERT INTO MGeneral (nombre, apellido, identificacion_m_general, correo, telefono, estado, area_atencion, numero_consultorio) VALUES ('Gabriel', 'Hernández', 142, 'gabriel.hernandez@example.com', 3490123456, 'Activo', 'General', 92);
INSERT INTO MGeneral (nombre, apellido, identificacion_m_general, correo, telefono, estado, area_atencion, numero_consultorio) VALUES ('Lucía', 'Flores', 143, 'lucia.flores@example.com', 3501234567, 'Activo', 'Primera Infancia', 93);
INSERT INTO MGeneral (nombre, apellido, identificacion_m_general, correo, telefono, estado, area_atencion, numero_consultorio) VALUES ('Tomás', 'Salazar', 144, 'tomas.salazar@example.com', 3512345678, 'Inactivo', 'Adolescentes', 94);
INSERT INTO MGeneral (nombre, apellido, identificacion_m_general, correo, telefono, estado, area_atencion, numero_consultorio) VALUES ('Ana', 'Ramos', 145, 'ana.ramos@example.com', 3523456789, 'Activo', 'Adultos', 95);
INSERT INTO MGeneral (nombre, apellido, identificacion_m_general, correo, telefono, estado, area_atencion, numero_consultorio) VALUES ('Francisco', 'García', 146, 'francisco.garcia@example.com', 3534567890, 'Activo', 'Tercera Edad', 96);
INSERT INTO MGeneral (nombre, apellido, identificacion_m_general, correo, telefono, estado, area_atencion, numero_consultorio) VALUES ('Paula', 'Núñez', 147, 'paula.nunez@example.com', 3545678901, 'Inactivo', 'General', 97);
INSERT INTO MGeneral (nombre, apellido, identificacion_m_general, correo, telefono, estado, area_atencion, numero_consultorio) VALUES ('Eduardo', 'Mora', 148, 'eduardo.mora@example.com', 3556789012, 'Activo', 'General', 98);
INSERT INTO MGeneral (nombre, apellido, identificacion_m_general, correo, telefono, estado, area_atencion, numero_consultorio) VALUES ('Valeria', 'Serrano', 149, 'valeria.serrano@example.com', 3567890123, 'Activo', 'Primera Infancia', 99);
INSERT INTO MGeneral (nombre, apellido, identificacion_m_general, correo, telefono, estado, area_atencion, numero_consultorio) VALUES ('Rodrigo', 'Cruz', 150, 'rodrigo.cruz@example.com', 3578901234, 'Inactivo', 'Adolescentes', 100);


INSERT INTO Diagnosticos (diagnostico_id, fechaDiagnostico, tipoDiagnostico, descripcion) VALUES (1, TO_DATE('2023-01-10', 'YYYY-MM-DD'), 'Inicial', 'Dolor abdom');
INSERT INTO Diagnosticos (diagnostico_id, fechaDiagnostico, tipoDiagnostico, descripcion) VALUES (2, TO_DATE('2023-02-15', 'YYYY-MM-DD'), 'Recurrente', 'Dolor cabeza');
INSERT INTO Diagnosticos (diagnostico_id, fechaDiagnostico, tipoDiagnostico, descripcion) VALUES (3, TO_DATE('2023-03-20', 'YYYY-MM-DD'), 'Agudo', 'Fiebre alta');
INSERT INTO Diagnosticos (diagnostico_id, fechaDiagnostico, tipoDiagnostico, descripcion) VALUES (4, TO_DATE('2023-04-10', 'YYYY-MM-DD'), 'Leve', 'Gastritis leve');
INSERT INTO Diagnosticos (diagnostico_id, fechaDiagnostico, tipoDiagnostico, descripcion) VALUES (5, TO_DATE('2023-04-15', 'YYYY-MM-DD'), 'Moderado', 'Tos persistente');
INSERT INTO Diagnosticos (diagnostico_id, fechaDiagnostico, tipoDiagnostico, descripcion) VALUES (6, TO_DATE('2023-05-01', 'YYYY-MM-DD'), 'Agudo', 'Infec viral');
INSERT INTO Diagnosticos (diagnostico_id, fechaDiagnostico, tipoDiagnostico, descripcion) VALUES (7, TO_DATE('2023-05-20', 'YYYY-MM-DD'), 'Leve', 'Anemia');
INSERT INTO Diagnosticos (diagnostico_id, fechaDiagnostico, tipoDiagnostico, descripcion) VALUES (8, TO_DATE('2023-06-10', 'YYYY-MM-DD'), 'Crónico', 'Lumbalgia');
INSERT INTO Diagnosticos (diagnostico_id, fechaDiagnostico, tipoDiagnostico, descripcion) VALUES (9, TO_DATE('2023-06-25', 'YYYY-MM-DD'), 'Recurrente', 'Migraña');
INSERT INTO Diagnosticos (diagnostico_id, fechaDiagnostico, tipoDiagnostico, descripcion) VALUES (10, TO_DATE('2023-07-05', 'YYYY-MM-DD'), 'Crónico', 'Intolerancia lactosa');
INSERT INTO Diagnosticos (diagnostico_id, fechaDiagnostico, tipoDiagnostico, descripcion) VALUES (11, TO_DATE('2023-07-15', 'YYYY-MM-DD'), 'Agudo', 'Hipotensión');
INSERT INTO Diagnosticos (diagnostico_id, fechaDiagnostico, tipoDiagnostico, descripcion) VALUES (12, TO_DATE('2023-08-01', 'YYYY-MM-DD'), 'Recurrente', 'Asma');
INSERT INTO Diagnosticos (diagnostico_id, fechaDiagnostico, tipoDiagnostico, descripcion) VALUES (13, TO_DATE('2023-08-15', 'YYYY-MM-DD'), 'Crónico', 'Artritis');
INSERT INTO Diagnosticos (diagnostico_id, fechaDiagnostico, tipoDiagnostico, descripcion) VALUES (14, TO_DATE('2023-08-30', 'YYYY-MM-DD'), 'Recurrente', 'Gastritis');
INSERT INTO Diagnosticos (diagnostico_id, fechaDiagnostico, tipoDiagnostico, descripcion) VALUES (15, TO_DATE('2023-09-10', 'YYYY-MM-DD'), 'Leve', 'Miopía');
INSERT INTO Diagnosticos (diagnostico_id, fechaDiagnostico, tipoDiagnostico, descripcion) VALUES (16, TO_DATE('2023-09-25', 'YYYY-MM-DD'), 'Severo', 'Angina');
INSERT INTO Diagnosticos (diagnostico_id, fechaDiagnostico, tipoDiagnostico, descripcion) VALUES (17, TO_DATE('2023-10-05', 'YYYY-MM-DD'), 'Moderado', 'Alopecia');
INSERT INTO Diagnosticos (diagnostico_id, fechaDiagnostico, tipoDiagnostico, descripcion) VALUES (18, TO_DATE('2023-10-20', 'YYYY-MM-DD'), 'Recurrente', 'Dermatitis');
INSERT INTO Diagnosticos (diagnostico_id, fechaDiagnostico, tipoDiagnostico, descripcion) VALUES (19, TO_DATE('2023-11-01', 'YYYY-MM-DD'), 'Agudo', 'Desgarro muscular');
INSERT INTO Diagnosticos (diagnostico_id, fechaDiagnostico, tipoDiagnostico, descripcion) VALUES (20, TO_DATE('2023-11-15', 'YYYY-MM-DD'), 'Crónico', 'Estrés');
INSERT INTO Diagnosticos (diagnostico_id, fechaDiagnostico, tipoDiagnostico, descripcion) VALUES (21, TO_DATE('2023-12-01', 'YYYY-MM-DD'), 'Leve', 'Anemia leve');
INSERT INTO Diagnosticos (diagnostico_id, fechaDiagnostico, tipoDiagnostico, descripcion) VALUES (22, TO_DATE('2023-12-10', 'YYYY-MM-DD'), 'Crónico', 'Insomnio');
INSERT INTO Diagnosticos (diagnostico_id, fechaDiagnostico, tipoDiagnostico, descripcion) VALUES (23, TO_DATE('2024-01-05', 'YYYY-MM-DD'), 'Crónico', 'Fatiga crónica');
INSERT INTO Diagnosticos (diagnostico_id, fechaDiagnostico, tipoDiagnostico, descripcion) VALUES (24, TO_DATE('2024-01-20', 'YYYY-MM-DD'), 'Moderado', 'Artrosis');
INSERT INTO Diagnosticos (diagnostico_id, fechaDiagnostico, tipoDiagnostico, descripcion) VALUES (25, TO_DATE('2024-02-01', 'YYYY-MM-DD'), 'Leve', 'Insomnio');
INSERT INTO Diagnosticos (diagnostico_id, fechaDiagnostico, tipoDiagnostico, descripcion) VALUES (26, TO_DATE('2024-02-15', 'YYYY-MM-DD'), 'Crónico', 'Hipotiroidismo');
INSERT INTO Diagnosticos (diagnostico_id, fechaDiagnostico, tipoDiagnostico, descripcion) VALUES (27, TO_DATE('2024-02-25', 'YYYY-MM-DD'), 'Leve', 'Asma leve');
INSERT INTO Diagnosticos (diagnostico_id, fechaDiagnostico, tipoDiagnostico, descripcion) VALUES (28, TO_DATE('2024-03-01', 'YYYY-MM-DD'), 'Moderado', 'Artritis reumatoide');
INSERT INTO Diagnosticos (diagnostico_id, fechaDiagnostico, tipoDiagnostico, descripcion) VALUES (29, TO_DATE('2024-03-15', 'YYYY-MM-DD'), 'Recurrente', 'Dermatitis');
INSERT INTO Diagnosticos (diagnostico_id, fechaDiagnostico, tipoDiagnostico, descripcion) VALUES (30, TO_DATE('2024-03-25', 'YYYY-MM-DD'), 'Agudo', 'Faringitis');
INSERT INTO Diagnosticos (diagnostico_id, fechaDiagnostico, tipoDiagnostico, descripcion) VALUES (31, TO_DATE('2024-04-05', 'YYYY-MM-DD'), 'Agudo', 'Cistitis');
INSERT INTO Diagnosticos (diagnostico_id, fechaDiagnostico, tipoDiagnostico, descripcion) VALUES (32, TO_DATE('2024-04-15', 'YYYY-MM-DD'), 'Moderado', 'Caries');
INSERT INTO Diagnosticos (diagnostico_id, fechaDiagnostico, tipoDiagnostico, descripcion) VALUES (33, TO_DATE('2024-04-25', 'YYYY-MM-DD'), 'Leve', 'Anemia');
INSERT INTO Diagnosticos (diagnostico_id, fechaDiagnostico, tipoDiagnostico, descripcion) VALUES (34, TO_DATE('2024-05-05', 'YYYY-MM-DD'), 'Crónico', 'Hipertiroidismo');
INSERT INTO Diagnosticos (diagnostico_id, fechaDiagnostico, tipoDiagnostico, descripcion) VALUES (35, TO_DATE('2024-05-15', 'YYYY-MM-DD'), 'Recurrente', 'SII');
INSERT INTO Diagnosticos (diagnostico_id, fechaDiagnostico, tipoDiagnostico, descripcion) VALUES (36, TO_DATE('2024-05-25', 'YYYY-MM-DD'), 'Crónico', 'Desnutrición');
INSERT INTO Diagnosticos (diagnostico_id, fechaDiagnostico, tipoDiagnostico, descripcion) VALUES (37, TO_DATE('2024-06-05', 'YYYY-MM-DD'), 'Agudo', 'Neumonía');
INSERT INTO Diagnosticos (diagnostico_id, fechaDiagnostico, tipoDiagnostico, descripcion) VALUES (38, TO_DATE('2024-06-15', 'YYYY-MM-DD'), 'Crónico', 'Angina de pecho');
INSERT INTO Diagnosticos (diagnostico_id, fechaDiagnostico, tipoDiagnostico, descripcion) VALUES (39, TO_DATE('2024-06-25', 'YYYY-MM-DD'), 'Moderado', 'Alopecia areata');
INSERT INTO Diagnosticos (diagnostico_id, fechaDiagnostico, tipoDiagnostico, descripcion) VALUES (40, TO_DATE('2024-07-05', 'YYYY-MM-DD'), 'Leve', 'Acné leve');
INSERT INTO Diagnosticos (diagnostico_id, fechaDiagnostico, tipoDiagnostico, descripcion) VALUES (41, TO_DATE('2024-07-15', 'YYYY-MM-DD'), 'Agudo', 'Otitis');
INSERT INTO Diagnosticos (diagnostico_id, fechaDiagnostico, tipoDiagnostico, descripcion) VALUES (42, TO_DATE('2024-07-25', 'YYYY-MM-DD'), 'Crónico', 'Hipertensión');
INSERT INTO Diagnosticos (diagnostico_id, fechaDiagnostico, tipoDiagnostico, descripcion) VALUES (43, TO_DATE('2024-08-05', 'YYYY-MM-DD'), 'Crónico', 'Gota');
INSERT INTO Diagnosticos (diagnostico_id, fechaDiagnostico, tipoDiagnostico, descripcion) VALUES (44, TO_DATE('2024-08-15', 'YYYY-MM-DD'), 'Agudo', 'Bronquitis');
INSERT INTO Diagnosticos (diagnostico_id, fechaDiagnostico, tipoDiagnostico, descripcion) VALUES (45, TO_DATE('2024-08-25', 'YYYY-MM-DD'), 'Crónico', 'Apnea sueño');
INSERT INTO Diagnosticos (diagnostico_id, fechaDiagnostico, tipoDiagnostico, descripcion) VALUES (46, TO_DATE('2024-09-05', 'YYYY-MM-DD'), 'Recurrente', 'Rinitis alérgica');
INSERT INTO Diagnosticos (diagnostico_id, fechaDiagnostico, tipoDiagnostico, descripcion) VALUES (47, TO_DATE('2024-09-15', 'YYYY-MM-DD'), 'Moderado', 'Insuf venosa');
INSERT INTO Diagnosticos (diagnostico_id, fechaDiagnostico, tipoDiagnostico, descripcion) VALUES (48, TO_DATE('2024-09-25', 'YYYY-MM-DD'), 'Severo', 'Cataratas');
INSERT INTO Diagnosticos (diagnostico_id, fechaDiagnostico, tipoDiagnostico, descripcion) VALUES (49, TO_DATE('2024-10-05', 'YYYY-MM-DD'), 'Moderado', 'Hernia discal');
INSERT INTO Diagnosticos (diagnostico_id, fechaDiagnostico, tipoDiagnostico, descripcion) VALUES (50, TO_DATE('2024-10-15', 'YYYY-MM-DD'), 'Crónico', 'Ansiedad');





INSERT INTO Medicamentos (nombre, id, unidades) VALUES ('Ibuprofeno', 1, 50);
INSERT INTO Medicamentos (nombre, id, unidades) VALUES ('Paracetamol', 2, 30);
INSERT INTO Medicamentos (nombre, id, unidades) VALUES ('Amoxicilina', 3, 20);
INSERT INTO Medicamentos (nombre, id, unidades) VALUES ('Aspirina', 4, 60);
INSERT INTO Medicamentos (nombre, id, unidades) VALUES ('Omeprazol', 5, 25);
INSERT INTO Medicamentos (nombre, id, unidades) VALUES ('Metformina', 6, 40);
INSERT INTO Medicamentos (nombre, id, unidades) VALUES ('Loratadina', 7, 35);
INSERT INTO Medicamentos (nombre, id, unidades) VALUES ('Atorvastatina', 8, 50);
INSERT INTO Medicamentos (nombre, id, unidades) VALUES ('Metoclopramida', 9, 45);
INSERT INTO Medicamentos (nombre, id, unidades) VALUES ('Enalapril', 10, 30);
INSERT INTO Medicamentos (nombre, id, unidades) VALUES ('Captopril', 11, 55);
INSERT INTO Medicamentos (nombre, id, unidades) VALUES ('Furosemida', 12, 40);
INSERT INTO Medicamentos (nombre, id, unidades) VALUES ('Clonazepam', 13, 20);
INSERT INTO Medicamentos (nombre, id, unidades) VALUES ('Diazepam', 14, 50);
INSERT INTO Medicamentos (nombre, id, unidades) VALUES ('Levotiroxina', 15, 30);
INSERT INTO Medicamentos (nombre, id, unidades) VALUES ('Amlodipino', 16, 25);
INSERT INTO Medicamentos (nombre, id, unidades) VALUES ('Simvastatina', 17, 60);
INSERT INTO Medicamentos (nombre, id, unidades) VALUES ('Losartan', 18, 40);
INSERT INTO Medicamentos (nombre, id, unidades) VALUES ('Diclofenaco', 19, 45);
INSERT INTO Medicamentos (nombre, id, unidades) VALUES ('Ranitidina', 20, 50);
INSERT INTO Medicamentos (nombre, id, unidades) VALUES ('Salbutamol', 21, 30);
INSERT INTO Medicamentos (nombre, id, unidades) VALUES ('Prednisona', 22, 35);
INSERT INTO Medicamentos (nombre, id, unidades) VALUES ('Ibuprofeno Gel', 23, 20);
INSERT INTO Medicamentos (nombre, id, unidades) VALUES ('Cefalexina', 24, 55);
INSERT INTO Medicamentos (nombre, id, unidades) VALUES ('Acetaminofen', 25, 65);
INSERT INTO Medicamentos (nombre, id, unidades) VALUES ('Azitromicina', 26, 70);
INSERT INTO Medicamentos (nombre, id, unidades) VALUES ('Claritromicina', 27, 45);
INSERT INTO Medicamentos (nombre, id, unidades) VALUES ('Sulfametoxazol', 28, 40);
INSERT INTO Medicamentos (nombre, id, unidades) VALUES ('Trimetoprim', 29, 35);
INSERT INTO Medicamentos (nombre, id, unidades) VALUES ('Amoxiclav', 30, 25);
INSERT INTO Medicamentos (nombre, id, unidades) VALUES ('Betametasona', 31, 30);
INSERT INTO Medicamentos (nombre, id, unidades) VALUES ('Morfina', 32, 15);
INSERT INTO Medicamentos (nombre, id, unidades) VALUES ('Codeina', 33, 10);
INSERT INTO Medicamentos (nombre, id, unidades) VALUES ('Hidrocortisona', 34, 40);
INSERT INTO Medicamentos (nombre, id, unidades) VALUES ('Naproxeno', 35, 20);
INSERT INTO Medicamentos (nombre, id, unidades) VALUES ('Dexametasona', 36, 25);
INSERT INTO Medicamentos (nombre, id, unidades) VALUES ('Ketorolaco', 37, 50);
INSERT INTO Medicamentos (nombre, id, unidades) VALUES ('Lidocaina', 38, 30);
INSERT INTO Medicamentos (nombre, id, unidades) VALUES ('Adrenalina', 39, 15);
INSERT INTO Medicamentos (nombre, id, unidades) VALUES ('Fluconazol', 40, 40);
INSERT INTO Medicamentos (nombre, id, unidades) VALUES ('Fenitoina', 41, 35);
INSERT INTO Medicamentos (nombre, id, unidades) VALUES ('Gabapentina', 42, 30);
INSERT INTO Medicamentos (nombre, id, unidades) VALUES ('Levofloxacina', 43, 50);
INSERT INTO Medicamentos (nombre, id, unidades) VALUES ('Clindamicina', 44, 25);
INSERT INTO Medicamentos (nombre, id, unidades) VALUES ('Tetraciclina', 45, 55);
INSERT INTO Medicamentos (nombre, id, unidades) VALUES ('Vancomicina', 46, 20);
INSERT INTO Medicamentos (nombre, id, unidades) VALUES ('Insulina', 47, 15);
INSERT INTO Medicamentos (nombre, id, unidades) VALUES ('Propofol', 48, 5);
INSERT INTO Medicamentos (nombre, id, unidades) VALUES ('Baclofeno', 49, 10);
INSERT INTO Medicamentos (nombre, id, unidades) VALUES ('Risperidona', 50, 25);





INSERT INTO JornadasDeVacunacion (id_jornada, fecha, lugar, tipoDeVacuna, cantidadVacunasDisponibles) VALUES(7001, TO_DATE('2024-03-10', 'YYYY-MM-DD'), 'Plaza Mayor', 'Vacuna BCG', 50);
INSERT INTO JornadasDeVacunacion (id_jornada, fecha, lugar, tipoDeVacuna, cantidadVacunasDisponibles) VALUES(7002, TO_DATE('2024-04-15', 'YYYY-MM-DD'), 'Parque Central', 'Hepatitis B', 75);
INSERT INTO JornadasDeVacunacion (id_jornada, fecha, lugar, tipoDeVacuna, cantidadVacunasDisponibles) VALUES(7003, TO_DATE('2024-05-20', 'YYYY-MM-DD'), 'Centro Comercial', 'Pentavalente', 100);
INSERT INTO JornadasDeVacunacion (id_jornada, fecha, lugar, tipoDeVacuna, cantidadVacunasDisponibles) VALUES(7004, TO_DATE('2024-06-25', 'YYYY-MM-DD'), 'Estadio Municipal', 'Rotavirus', 80);
INSERT INTO JornadasDeVacunacion (id_jornada, fecha, lugar, tipoDeVacuna, cantidadVacunasDisponibles) VALUES(7005, TO_DATE('2024-07-30', 'YYYY-MM-DD'), 'Biblioteca Central', 'Neumocócica', 60);
INSERT INTO JornadasDeVacunacion (id_jornada, fecha, lugar, tipoDeVacuna, cantidadVacunasDisponibles) VALUES(7006, TO_DATE('2024-09-04', 'YYYY-MM-DD'), 'Teatro Principal', 'Sarampión', 90);
INSERT INTO JornadasDeVacunacion (id_jornada, fecha, lugar, tipoDeVacuna, cantidadVacunasDisponibles) VALUES(7007, TO_DATE('2024-10-09', 'YYYY-MM-DD'), 'Auditorio', 'Vacuna BCG', 55);
INSERT INTO JornadasDeVacunacion (id_jornada, fecha, lugar, tipoDeVacuna, cantidadVacunasDisponibles) VALUES(7008, TO_DATE('2024-11-14', 'YYYY-MM-DD'), 'Plaza de la Constitución', 'Hepatitis B', 70);
INSERT INTO JornadasDeVacunacion (id_jornada, fecha, lugar, tipoDeVacuna, cantidadVacunasDisponibles) VALUES(7009, TO_DATE('2024-12-19', 'YYYY-MM-DD'), 'Parque de la Ciudad', 'Pentavalente', 85);
INSERT INTO JornadasDeVacunacion (id_jornada, fecha, lugar, tipoDeVacuna, cantidadVacunasDisponibles) VALUES(7010, TO_DATE('2025-01-23', 'YYYY-MM-DD'), 'Calle Mayor', 'Rotavirus', 65);
INSERT INTO JornadasDeVacunacion (id_jornada, fecha, lugar, tipoDeVacuna, cantidadVacunasDisponibles) VALUES(7011, TO_DATE('2025-02-27', 'YYYY-MM-DD'), 'Avenida del Sol', 'Neumocócica', 95);
INSERT INTO JornadasDeVacunacion (id_jornada, fecha, lugar, tipoDeVacuna, cantidadVacunasDisponibles) VALUES(7012, TO_DATE('2025-04-04', 'YYYY-MM-DD'), 'Plaza de los Reyes', 'Sarampión', 75);
INSERT INTO JornadasDeVacunacion (id_jornada, fecha, lugar, tipoDeVacuna, cantidadVacunasDisponibles) VALUES(7013, TO_DATE('2025-05-09', 'YYYY-MM-DD'), 'Parque de la Esperanza', 'Vacuna BCG', 60);
INSERT INTO JornadasDeVacunacion (id_jornada, fecha, lugar, tipoDeVacuna, cantidadVacunasDisponibles) VALUES(7014, TO_DATE('2025-06-13', 'YYYY-MM-DD'), 'Centro Cultural', 'Hepatitis B', 80);
INSERT INTO JornadasDeVacunacion (id_jornada, fecha, lugar, tipoDeVacuna, cantidadVacunasDisponibles) VALUES(7015, TO_DATE('2025-07-18', 'YYYY-MM-DD'), 'Teatro Nacional', 'Pentavalente', 90);
INSERT INTO JornadasDeVacunacion (id_jornada, fecha, lugar, tipoDeVacuna, cantidadVacunasDisponibles) VALUES(7016, TO_DATE('2025-08-22', 'YYYY-MM-DD'), 'Auditorio Municipal', 'Rotavirus', 70);
INSERT INTO JornadasDeVacunacion (id_jornada, fecha, lugar, tipoDeVacuna, cantidadVacunasDisponibles) VALUES(7017, TO_DATE('2025-09-26', 'YYYY-MM-DD'), 'Plaza de la Libertad', 'Neumocócica', 85);
INSERT INTO JornadasDeVacunacion (id_jornada, fecha, lugar, tipoDeVacuna, cantidadVacunasDisponibles) VALUES(7018, TO_DATE('2025-10-31', 'YYYY-MM-DD'), 'Parque Infantil', 'Sarampión', 65);
INSERT INTO JornadasDeVacunacion (id_jornada, fecha, lugar, tipoDeVacuna, cantidadVacunasDisponibles) VALUES(7019, TO_DATE('2025-12-05', 'YYYY-MM-DD'), 'Calle de la Paz', 'Vacuna BCG', 75);
INSERT INTO JornadasDeVacunacion (id_jornada, fecha, lugar, tipoDeVacuna, cantidadVacunasDisponibles) VALUES(7020, TO_DATE('2026-01-09', 'YYYY-MM-DD'), 'Avenida Central', 'Hepatitis B', 95);
INSERT INTO JornadasDeVacunacion (id_jornada, fecha, lugar, tipoDeVacuna, cantidadVacunasDisponibles) VALUES(7021, TO_DATE('2026-02-13', 'YYYY-MM-DD'), 'Plaza de la Independencia', 'Pentavalente', 55);
INSERT INTO JornadasDeVacunacion (id_jornada, fecha, lugar, tipoDeVacuna, cantidadVacunasDisponibles) VALUES(7022, TO_DATE('2026-03-20', 'YYYY-MM-DD'), 'Parque del Agua', 'Rotavirus', 80);
INSERT INTO JornadasDeVacunacion (id_jornada, fecha, lugar, tipoDeVacuna, cantidadVacunasDisponibles) VALUES(7023, TO_DATE('2026-04-24', 'YYYY-MM-DD'), 'Centro Deportivo', 'Neumocócica', 70);
INSERT INTO JornadasDeVacunacion (id_jornada, fecha, lugar, tipoDeVacuna, cantidadVacunasDisponibles) VALUES(7024, TO_DATE('2026-05-28', 'YYYY-MM-DD'), 'Teatro Municipal', 'Sarampión', 90);
INSERT INTO JornadasDeVacunacion (id_jornada, fecha, lugar, tipoDeVacuna, cantidadVacunasDisponibles) VALUES(7025, TO_DATE('2026-07-02', 'YYYY-MM-DD'), 'Plaza del Mercado', 'Vacuna BCG', 60);
INSERT INTO JornadasDeVacunacion (id_jornada, fecha, lugar, tipoDeVacuna, cantidadVacunasDisponibles) VALUES(7026, TO_DATE('2026-08-06', 'YYYY-MM-DD'), 'Parque del Bosque', 'Hepatitis B', 85);
INSERT INTO JornadasDeVacunacion (id_jornada, fecha, lugar, tipoDeVacuna, cantidadVacunasDisponibles) VALUES(7027, TO_DATE('2026-09-10', 'YYYY-MM-DD'), 'Calle de la Luna', 'Pentavalente', 65);
INSERT INTO JornadasDeVacunacion (id_jornada, fecha, lugar, tipoDeVacuna, cantidadVacunasDisponibles) VALUES(7028, TO_DATE('2026-10-14', 'YYYY-MM-DD'), 'Avenida del Mar', 'Rotavirus', 75);
INSERT INTO JornadasDeVacunacion (id_jornada, fecha, lugar, tipoDeVacuna, cantidadVacunasDisponibles) VALUES(7029, TO_DATE('2026-11-18', 'YYYY-MM-DD'), 'Plaza del Sol', 'Neumocócica', 95);
INSERT INTO JornadasDeVacunacion (id_jornada, fecha, lugar, tipoDeVacuna, cantidadVacunasDisponibles) VALUES(7030, TO_DATE('2026-12-22', 'YYYY-MM-DD'), 'Parque de la Juventud', 'Sarampión', 55);
INSERT INTO JornadasDeVacunacion (id_jornada, fecha, lugar, tipoDeVacuna, cantidadVacunasDisponibles) VALUES(7031, TO_DATE('2027-01-26', 'YYYY-MM-DD'), 'Centro Histórico', 'Vacuna BCG', 80);
INSERT INTO JornadasDeVacunacion (id_jornada, fecha, lugar, tipoDeVacuna, cantidadVacunasDisponibles) VALUES(7032, TO_DATE('2027-02-25', 'YYYY-MM-DD'), 'Avenida de la Paz', 'Hepatitis B', 70);
INSERT INTO JornadasDeVacunacion (id_jornada, fecha, lugar, tipoDeVacuna, cantidadVacunasDisponibles) VALUES(7033, TO_DATE('2027-04-06', 'YYYY-MM-DD'), 'Plaza de la Concordia', 'Pentavalente', 90);
INSERT INTO JornadasDeVacunacion (id_jornada, fecha, lugar, tipoDeVacuna, cantidadVacunasDisponibles) VALUES(7034, TO_DATE('2027-05-10', 'YYYY-MM-DD'), 'Parque de los Sueños', 'Rotavirus', 60);
INSERT INTO JornadasDeVacunacion (id_jornada, fecha, lugar, tipoDeVacuna, cantidadVacunasDisponibles) VALUES(7035, TO_DATE('2027-06-14', 'YYYY-MM-DD'), 'Teatro Central', 'Neumocócica', 85);
INSERT INTO JornadasDeVacunacion (id_jornada, fecha, lugar, tipoDeVacuna, cantidadVacunasDisponibles) VALUES(7036, TO_DATE('2027-07-18', 'YYYY-MM-DD'), 'Plaza de los Artistas', 'Sarampión', 65);
INSERT INTO JornadasDeVacunacion (id_jornada, fecha, lugar, tipoDeVacuna, cantidadVacunasDisponibles) VALUES(7037, TO_DATE('2027-08-22', 'YYYY-MM-DD'), 'Parque de la Salud', 'Vacuna BCG', 75);
INSERT INTO JornadasDeVacunacion (id_jornada, fecha, lugar, tipoDeVacuna, cantidadVacunasDisponibles) VALUES(7038, TO_DATE('2027-09-26', 'YYYY-MM-DD'), 'Centro Empresarial', 'Hepatitis B', 95);
INSERT INTO JornadasDeVacunacion (id_jornada, fecha, lugar, tipoDeVacuna, cantidadVacunasDisponibles) VALUES(7039, TO_DATE('2027-10-30', 'YYYY-MM-DD'), 'Avenida de los Pinos', 'Pentavalente', 55);
INSERT INTO JornadasDeVacunacion (id_jornada, fecha, lugar, tipoDeVacuna, cantidadVacunasDisponibles) VALUES(7040, TO_DATE('2027-12-04', 'YYYY-MM-DD'), 'Plaza de la Tecnología', 'Rotavirus', 80);
INSERT INTO JornadasDeVacunacion (id_jornada, fecha, lugar, tipoDeVacuna, cantidadVacunasDisponibles) VALUES(7041, TO_DATE('2028-01-08', 'YYYY-MM-DD'), 'Parque de los Viveros', 'Neumocócica', 70);
INSERT INTO JornadasDeVacunacion (id_jornada, fecha, lugar, tipoDeVacuna, cantidadVacunasDisponibles) VALUES(7042, TO_DATE('2028-02-12', 'YYYY-MM-DD'), 'Teatro de la Ciudad', 'Sarampión', 90);
INSERT INTO JornadasDeVacunacion (id_jornada, fecha, lugar, tipoDeVacuna, cantidadVacunasDisponibles) VALUES(7043, TO_DATE('2028-03-17', 'YYYY-MM-DD'), 'Plaza de los Amigos', 'Vacuna BCG', 60);
INSERT INTO JornadasDeVacunacion (id_jornada, fecha, lugar, tipoDeVacuna, cantidadVacunasDisponibles) VALUES(7044, TO_DATE('2028-04-21', 'YYYY-MM-DD'), 'Parque de la Música', 'Hepatitis B', 85);
INSERT INTO JornadasDeVacunacion (id_jornada, fecha, lugar, tipoDeVacuna, cantidadVacunasDisponibles) VALUES(7045, TO_DATE('2028-05-25', 'YYYY-MM-DD'), 'Centro de Convenciones', 'Pentavalente', 65);
INSERT INTO JornadasDeVacunacion (id_jornada, fecha, lugar, tipoDeVacuna, cantidadVacunasDisponibles) VALUES(7046, TO_DATE('2028-06-29', 'YYYY-MM-DD'), 'Plaza del Comercio', 'Rotavirus', 75);
INSERT INTO JornadasDeVacunacion (id_jornada, fecha, lugar, tipoDeVacuna, cantidadVacunasDisponibles) VALUES(7047, TO_DATE('2028-08-02', 'YYYY-MM-DD'), 'Parque de la Innovación', 'Neumocócica', 95);
INSERT INTO JornadasDeVacunacion (id_jornada, fecha, lugar, tipoDeVacuna, cantidadVacunasDisponibles) VALUES(7048, TO_DATE('2028-09-06', 'YYYY-MM-DD'), 'Teatro Nacional 1', 'Sarampión', 55);
INSERT INTO JornadasDeVacunacion (id_jornada, fecha, lugar, tipoDeVacuna, cantidadVacunasDisponibles) VALUES(7049, TO_DATE('2028-10-10', 'YYYY-MM-DD'), 'Plaza del Deporte', 'Vacuna BCG', 80);
INSERT INTO JornadasDeVacunacion (id_jornada, fecha, lugar, tipoDeVacuna, cantidadVacunasDisponibles) VALUES(7050, TO_DATE('2028-11-14', 'YYYY-MM-DD'), 'Parque de la Juventud 1', 'Hepatitis B', 70);


INSERT INTO ResultadoPruebas (id_resultado, resultado, fechaRegistro) VALUES (8001, 'Negativo', TO_DATE('2024-03-26', 'YYYY-MM-DD'));
INSERT INTO ResultadoPruebas (id_resultado, resultado, fechaRegistro) VALUES (8002, 'Positivo', TO_DATE('2024-03-21', 'YYYY-MM-DD'));
INSERT INTO ResultadoPruebas (id_resultado, resultado, fechaRegistro) VALUES (8003, 'Negativo', TO_DATE('2024-03-25', 'YYYY-MM-DD'));
INSERT INTO ResultadoPruebas (id_resultado, resultado, fechaRegistro) VALUES (8004, 'Positivo', TO_DATE('2024-04-01', 'YYYY-MM-DD'));
INSERT INTO ResultadoPruebas (id_resultado, resultado, fechaRegistro) VALUES (8005, 'Negativo', TO_DATE('2024-04-08', 'YYYY-MM-DD'));
INSERT INTO ResultadoPruebas (id_resultado, resultado, fechaRegistro) VALUES (8006, 'Positivo', TO_DATE('2024-04-15', 'YYYY-MM-DD'));
INSERT INTO ResultadoPruebas (id_resultado, resultado, fechaRegistro) VALUES (8007, 'Negativo', TO_DATE('2024-04-22', 'YYYY-MM-DD'));
INSERT INTO ResultadoPruebas (id_resultado, resultado, fechaRegistro) VALUES (8008, 'Positivo', TO_DATE('2024-04-29', 'YYYY-MM-DD'));
INSERT INTO ResultadoPruebas (id_resultado, resultado, fechaRegistro) VALUES (8009, 'Negativo', TO_DATE('2024-05-06', 'YYYY-MM-DD'));
INSERT INTO ResultadoPruebas (id_resultado, resultado, fechaRegistro) VALUES (8010, 'Positivo', TO_DATE('2024-05-13', 'YYYY-MM-DD'));
INSERT INTO ResultadoPruebas (id_resultado, resultado, fechaRegistro) VALUES (8011, 'Negativo', TO_DATE('2024-05-20', 'YYYY-MM-DD'));
INSERT INTO ResultadoPruebas (id_resultado, resultado, fechaRegistro) VALUES (8012, 'Positivo', TO_DATE('2024-05-27', 'YYYY-MM-DD'));
INSERT INTO ResultadoPruebas (id_resultado, resultado, fechaRegistro) VALUES (8013, 'Negativo', TO_DATE('2024-06-03', 'YYYY-MM-DD'));
INSERT INTO ResultadoPruebas (id_resultado, resultado, fechaRegistro) VALUES (8014, 'Positivo', TO_DATE('2024-06-10', 'YYYY-MM-DD'));
INSERT INTO ResultadoPruebas (id_resultado, resultado, fechaRegistro) VALUES (8015, 'Negativo', TO_DATE('2024-06-17', 'YYYY-MM-DD'));
INSERT INTO ResultadoPruebas (id_resultado, resultado, fechaRegistro) VALUES (8016, 'Positivo', TO_DATE('2024-06-24', 'YYYY-MM-DD'));
INSERT INTO ResultadoPruebas (id_resultado, resultado, fechaRegistro) VALUES (8017, 'Negativo', TO_DATE('2024-07-01', 'YYYY-MM-DD'));
INSERT INTO ResultadoPruebas (id_resultado, resultado, fechaRegistro) VALUES (8018, 'Positivo', TO_DATE('2024-07-08', 'YYYY-MM-DD'));
INSERT INTO ResultadoPruebas (id_resultado, resultado, fechaRegistro) VALUES (8019, 'Negativo', TO_DATE('2024-07-15', 'YYYY-MM-DD'));
INSERT INTO ResultadoPruebas (id_resultado, resultado, fechaRegistro) VALUES (8020, 'Positivo', TO_DATE('2024-07-22', 'YYYY-MM-DD'));
INSERT INTO ResultadoPruebas (id_resultado, resultado, fechaRegistro) VALUES (8021, 'Negativo', TO_DATE('2024-07-29', 'YYYY-MM-DD'));
INSERT INTO ResultadoPruebas (id_resultado, resultado, fechaRegistro) VALUES (8022, 'Positivo', TO_DATE('2024-08-05', 'YYYY-MM-DD'));
INSERT INTO ResultadoPruebas (id_resultado, resultado, fechaRegistro) VALUES (8023, 'Negativo', TO_DATE('2024-08-12', 'YYYY-MM-DD'));
INSERT INTO ResultadoPruebas (id_resultado, resultado, fechaRegistro) VALUES (8024, 'Positivo', TO_DATE('2024-08-19', 'YYYY-MM-DD'));
INSERT INTO ResultadoPruebas (id_resultado, resultado, fechaRegistro) VALUES (8025, 'Negativo', TO_DATE('2024-08-26', 'YYYY-MM-DD'));
INSERT INTO ResultadoPruebas (id_resultado, resultado, fechaRegistro) VALUES (8026, 'Positivo', TO_DATE('2024-09-02', 'YYYY-MM-DD'));
INSERT INTO ResultadoPruebas (id_resultado, resultado, fechaRegistro) VALUES (8027, 'Negativo', TO_DATE('2024-09-09', 'YYYY-MM-DD'));
INSERT INTO ResultadoPruebas (id_resultado, resultado, fechaRegistro) VALUES (8028, 'Positivo', TO_DATE('2024-09-16', 'YYYY-MM-DD'));
INSERT INTO ResultadoPruebas (id_resultado, resultado, fechaRegistro) VALUES (8029, 'Negativo', TO_DATE('2024-09-23', 'YYYY-MM-DD'));
INSERT INTO ResultadoPruebas (id_resultado, resultado, fechaRegistro) VALUES (8030, 'Positivo', TO_DATE('2024-09-30', 'YYYY-MM-DD'));
INSERT INTO ResultadoPruebas (id_resultado, resultado, fechaRegistro) VALUES (8031, 'Negativo', TO_DATE('2024-10-07', 'YYYY-MM-DD'));
INSERT INTO ResultadoPruebas (id_resultado, resultado, fechaRegistro) VALUES (8032, 'Positivo', TO_DATE('2024-10-14', 'YYYY-MM-DD'));
INSERT INTO ResultadoPruebas (id_resultado, resultado, fechaRegistro) VALUES (8033, 'Negativo', TO_DATE('2024-10-21', 'YYYY-MM-DD'));
INSERT INTO ResultadoPruebas (id_resultado, resultado, fechaRegistro) VALUES (8034, 'Positivo', TO_DATE('2024-10-28', 'YYYY-MM-DD'));
INSERT INTO ResultadoPruebas (id_resultado, resultado, fechaRegistro) VALUES (8035, 'Negativo', TO_DATE('2024-11-04', 'YYYY-MM-DD'));
INSERT INTO ResultadoPruebas (id_resultado, resultado, fechaRegistro) VALUES (8036, 'Positivo', TO_DATE('2024-11-11', 'YYYY-MM-DD'));
INSERT INTO ResultadoPruebas (id_resultado, resultado, fechaRegistro) VALUES (8037, 'Negativo', TO_DATE('2024-11-18', 'YYYY-MM-DD'));
INSERT INTO ResultadoPruebas (id_resultado, resultado, fechaRegistro) VALUES (8038, 'Positivo', TO_DATE('2024-11-25', 'YYYY-MM-DD'));
INSERT INTO ResultadoPruebas (id_resultado, resultado, fechaRegistro) VALUES (8039, 'Negativo', TO_DATE('2024-12-02', 'YYYY-MM-DD'));
INSERT INTO ResultadoPruebas (id_resultado, resultado, fechaRegistro) VALUES (8040, 'Positivo', TO_DATE('2024-12-09', 'YYYY-MM-DD'));
INSERT INTO ResultadoPruebas (id_resultado, resultado, fechaRegistro) VALUES (8041, 'Negativo', TO_DATE('2024-12-16', 'YYYY-MM-DD'));
INSERT INTO ResultadoPruebas (id_resultado, resultado, fechaRegistro) VALUES (8042, 'Positivo', TO_DATE('2024-12-23', 'YYYY-MM-DD'));
INSERT INTO ResultadoPruebas (id_resultado, resultado, fechaRegistro) VALUES (8043, 'Negativo', TO_DATE('2024-12-30', 'YYYY-MM-DD'));
INSERT INTO ResultadoPruebas (id_resultado, resultado, fechaRegistro) VALUES (8044, 'Positivo', TO_DATE('2025-01-06', 'YYYY-MM-DD'));
INSERT INTO ResultadoPruebas (id_resultado, resultado, fechaRegistro) VALUES (8045, 'Negativo', TO_DATE('2025-01-13', 'YYYY-MM-DD'));
INSERT INTO ResultadoPruebas (id_resultado, resultado, fechaRegistro) VALUES (8046, 'Positivo', TO_DATE('2025-01-20', 'YYYY-MM-DD'));
INSERT INTO ResultadoPruebas (id_resultado, resultado, fechaRegistro) VALUES (8047, 'Negativo', TO_DATE('2025-01-27', 'YYYY-MM-DD'));
INSERT INTO ResultadoPruebas (id_resultado, resultado, fechaRegistro) VALUES (8048, 'Positivo', TO_DATE('2025-02-03', 'YYYY-MM-DD'));
INSERT INTO ResultadoPruebas (id_resultado, resultado, fechaRegistro) VALUES (8049, 'Negativo', TO_DATE('2025-02-10', 'YYYY-MM-DD'));
INSERT INTO ResultadoPruebas (id_resultado, resultado, fechaRegistro) VALUES (8050, 'Positivo', TO_DATE('2025-02-17', 'YYYY-MM-DD'));


INSERT INTO Notificaciones (id_notificacion, contenido, id_jornada_notificaciones, identificacion_medicos, id_resultado, id_jefe, id_paciente) VALUES(9001, '<mensaje>Vacunación programada para el 2024-03-10 en Plaza Mayor.</mensaje>', 7001, 101, 8001, 1, 1);
INSERT INTO Notificaciones (id_notificacion, contenido, id_jornada_notificaciones, identificacion_medicos, id_resultado, id_jefe, id_paciente) VALUES(9002, '<mensaje>Resultados de análisis disponibles.</mensaje>', 7002, 102, 8002, 2, 2);
INSERT INTO Notificaciones (id_notificacion, contenido, id_jornada_notificaciones, identificacion_medicos, id_resultado, id_jefe, id_paciente) VALUES(9003, '<mensaje>Vacunación programada para el 2024-03-17 en Parque Central.</mensaje>', 7003, 103, 8003, 3, 3);
INSERT INTO Notificaciones (id_notificacion, contenido, id_jornada_notificaciones, identificacion_medicos, id_resultado, id_jefe, id_paciente) VALUES(9004, '<mensaje>Resultados de análisis disponibles.</mensaje>', 7004, 104, 8004, 4, 4);
INSERT INTO Notificaciones (id_notificacion, contenido, id_jornada_notificaciones, identificacion_medicos, id_resultado, id_jefe, id_paciente) VALUES(9005, '<mensaje>Vacunación programada para el 2024-03-24 en Centro Comercial.</mensaje>', 7005, 105, 8005, 5, 5);
INSERT INTO Notificaciones (id_notificacion, contenido, id_jornada_notificaciones, identificacion_medicos, id_resultado, id_jefe, id_paciente) VALUES(9006, '<mensaje>Resultados de análisis disponibles.</mensaje>', 7006, 106, 8006, 6, 6);
INSERT INTO Notificaciones (id_notificacion, contenido, id_jornada_notificaciones, identificacion_medicos, id_resultado, id_jefe, id_paciente) VALUES(9007, '<mensaje>Vacunación programada para el 2024-03-31 en Estadio Municipal.</mensaje>', 7007, 107, 8007, 7, 7);
INSERT INTO Notificaciones (id_notificacion, contenido, id_jornada_notificaciones, identificacion_medicos, id_resultado, id_jefe, id_paciente) VALUES(9008, '<mensaje>Resultados de análisis disponibles.</mensaje>', 7008, 108, 8008, 8, 8);
INSERT INTO Notificaciones (id_notificacion, contenido, id_jornada_notificaciones, identificacion_medicos, id_resultado, id_jefe, id_paciente) VALUES(9009, '<mensaje>Vacunación programada para el 2024-04-07 en Biblioteca Central.</mensaje>', 7009, 109, 8009, 9, 9);
INSERT INTO Notificaciones (id_notificacion, contenido, id_jornada_notificaciones, identificacion_medicos, id_resultado, id_jefe, id_paciente) VALUES(9010, '<mensaje>Resultados de análisis disponibles.</mensaje>', 7010, 110, 8010, 10, 10);
INSERT INTO Notificaciones (id_notificacion, contenido, id_jornada_notificaciones, identificacion_medicos, id_resultado, id_jefe, id_paciente) VALUES(9011, '<mensaje>Vacunación programada para el 2024-04-14 en Teatro Principal.</mensaje>', 7011, 111, 8011, 11, 11);
INSERT INTO Notificaciones (id_notificacion, contenido, id_jornada_notificaciones, identificacion_medicos, id_resultado, id_jefe, id_paciente) VALUES(9012, '<mensaje>Resultados de análisis disponibles.</mensaje>', 7012, 112, 8012, 12, 12);
INSERT INTO Notificaciones (id_notificacion, contenido, id_jornada_notificaciones, identificacion_medicos, id_resultado, id_jefe, id_paciente) VALUES(9013, '<mensaje>Vacunación programada para el 2024-04-21 en Auditorio.</mensaje>', 7013, 113, 8013, 13, 13);
INSERT INTO Notificaciones (id_notificacion, contenido, id_jornada_notificaciones, identificacion_medicos, id_resultado, id_jefe, id_paciente) VALUES(9014, '<mensaje>Resultados de análisis disponibles.</mensaje>', 7014, 114, 8014, 14, 14);
INSERT INTO Notificaciones (id_notificacion, contenido, id_jornada_notificaciones, identificacion_medicos, id_resultado, id_jefe, id_paciente) VALUES(9015, '<mensaje>Vacunación programada para el 2024-04-28 en Plaza de la Constitución.</mensaje>', 7015, 115, 8015, 15, 15);
INSERT INTO Notificaciones (id_notificacion, contenido, id_jornada_notificaciones, identificacion_medicos, id_resultado, id_jefe, id_paciente) VALUES(9016, '<mensaje>Resultados de análisis disponibles.</mensaje>', 7016, 116, 8016, 16, 16);
INSERT INTO Notificaciones (id_notificacion, contenido, id_jornada_notificaciones, identificacion_medicos, id_resultado, id_jefe, id_paciente) VALUES(9017, '<mensaje>Vacunación programada para el 2024-05-05 en Parque de la Ciudad.</mensaje>', 7017, 117, 8017, 17, 17);
INSERT INTO Notificaciones (id_notificacion, contenido, id_jornada_notificaciones, identificacion_medicos, id_resultado, id_jefe, id_paciente) VALUES(9018, '<mensaje>Resultados de análisis disponibles.</mensaje>', 7018, 118, 8018, 18, 18);
INSERT INTO Notificaciones (id_notificacion, contenido, id_jornada_notificaciones, identificacion_medicos, id_resultado, id_jefe, id_paciente) VALUES(9019, '<mensaje>Vacunación programada para el 2024-05-12 en Centro Deportivo.</mensaje>', 7019, 119, 8019, 19, 19);
INSERT INTO Notificaciones (id_notificacion, contenido, id_jornada_notificaciones, identificacion_medicos, id_resultado, id_jefe, id_paciente) VALUES(9020, '<mensaje>Resultados de análisis disponibles.</mensaje>', 7020, 120, 8020, 20, 20);
INSERT INTO Notificaciones (id_notificacion, contenido, id_jornada_notificaciones, identificacion_medicos, id_resultado, id_jefe, id_paciente) VALUES(9021, '<mensaje>Vacunación programada para el 2024-05-19 en Teatro Municipal.</mensaje>', 7021, 121, 8021, 21, 21);
INSERT INTO Notificaciones (id_notificacion, contenido, id_jornada_notificaciones, identificacion_medicos, id_resultado, id_jefe, id_paciente) VALUES(9022, '<mensaje>Resultados de análisis disponibles.</mensaje>', 7022, 122, 8022, 22, 22);
INSERT INTO Notificaciones (id_notificacion, contenido, id_jornada_notificaciones, identificacion_medicos, id_resultado, id_jefe, id_paciente) VALUES(9023, '<mensaje>Vacunación programada para el 2024-05-26 en Plaza de los Reyes.</mensaje>', 7023, 123, 8023, 23, 23);
INSERT INTO Notificaciones (id_notificacion, contenido, id_jornada_notificaciones, identificacion_medicos, id_resultado, id_jefe, id_paciente) VALUES(9024, '<mensaje>Resultados de análisis disponibles.</mensaje>', 7024, 124, 8024, 24, 24);
INSERT INTO Notificaciones (id_notificacion, contenido, id_jornada_notificaciones, identificacion_medicos, id_resultado, id_jefe, id_paciente) VALUES(9025, '<mensaje>Vacunación programada para el 2024-06-02 en Parque de la Esperanza.</mensaje>', 7025, 125, 8025, 25, 25);
INSERT INTO Notificaciones (id_notificacion, contenido, id_jornada_notificaciones, identificacion_medicos, id_resultado, id_jefe, id_paciente) VALUES(9026, '<mensaje>Resultados de análisis disponibles.</mensaje>', 7026, 126, 8026, 26, 26);
INSERT INTO Notificaciones (id_notificacion, contenido, id_jornada_notificaciones, identificacion_medicos, id_resultado, id_jefe, id_paciente) VALUES(9027, '<mensaje>Vacunación programada para el 2024-06-09 en Auditorio Municipal.</mensaje>', 7027, 127, 8027, 27, 27);
INSERT INTO Notificaciones (id_notificacion, contenido, id_jornada_notificaciones, identificacion_medicos, id_resultado, id_jefe, id_paciente) VALUES(9028, '<mensaje>Resultados de análisis disponibles.</mensaje>', 7028, 128, 8028, 28, 28);
INSERT INTO Notificaciones (id_notificacion, contenido, id_jornada_notificaciones, identificacion_medicos, id_resultado, id_jefe, id_paciente) VALUES(9029, '<mensaje>Vacunación programada para el 2024-06-16 en Plaza de la Independencia.</mensaje>', 7029, 129, 8029, 29, 29);
INSERT INTO Notificaciones (id_notificacion, contenido, id_jornada_notificaciones, identificacion_medicos, id_resultado, id_jefe, id_paciente) VALUES(9030, '<mensaje>Resultados de análisis disponibles.</mensaje>', 7030, 130, 8030, 30, 30);
INSERT INTO Notificaciones (id_notificacion, contenido, id_jornada_notificaciones, identificacion_medicos, id_resultado, id_jefe, id_paciente) VALUES(9031, '<mensaje>Vacunación programada para el 2024-06-23 en Parque del Agua.</mensaje>', 7031, 131, 8031, 31, 31);
INSERT INTO Notificaciones (id_notificacion, contenido, id_jornada_notificaciones, identificacion_medicos, id_resultado, id_jefe, id_paciente) VALUES(9032, '<mensaje>Resultados de análisis disponibles.</mensaje>', 7032, 132, 8032, 32, 32);
INSERT INTO Notificaciones (id_notificacion, contenido, id_jornada_notificaciones, identificacion_medicos, id_resultado, id_jefe, id_paciente) VALUES(9033, '<mensaje>Vacunación programada para el 2024-06-30 en Centro Empresarial.</mensaje>', 7033, 133, 8033, 33, 33);
INSERT INTO Notificaciones (id_notificacion, contenido, id_jornada_notificaciones, identificacion_medicos, id_resultado, id_jefe, id_paciente) VALUES(9034, '<mensaje>Resultados de análisis disponibles.</mensaje>', 7034, 134, 8034, 34, 34);
INSERT INTO Notificaciones (id_notificacion, contenido, id_jornada_notificaciones, identificacion_medicos, id_resultado, id_jefe, id_paciente) VALUES(9035, '<mensaje>Vacunación programada para el 2024-07-07 en Plaza de los Sueños.</mensaje>', 7035, 135, 8035, 35, 35);
INSERT INTO Notificaciones (id_notificacion, contenido, id_jornada_notificaciones, identificacion_medicos, id_resultado, id_jefe, id_paciente) VALUES(9036, '<mensaje>Resultados de análisis disponibles.</mensaje>', 7036, 136, 8036, 36, 36);
INSERT INTO Notificaciones (id_notificacion, contenido, id_jornada_notificaciones, identificacion_medicos, id_resultado, id_jefe, id_paciente) VALUES(9037, '<mensaje>Vacunación programada para el 2024-07-14 en Plaza del Comercio.</mensaje>', 7037, 137, 8037, 37, 37);
INSERT INTO Notificaciones (id_notificacion, contenido, id_jornada_notificaciones, identificacion_medicos, id_resultado, id_jefe, id_paciente) VALUES(9038, '<mensaje>Resultados de análisis disponibles.</mensaje>', 7038, 138, 8038, 38, 38);
INSERT INTO Notificaciones (id_notificacion, contenido, id_jornada_notificaciones, identificacion_medicos, id_resultado, id_jefe, id_paciente) VALUES(9039, '<mensaje>Vacunación programada para el 2024-07-21 en Parque de la Innovación.</mensaje>', 7039, 139, 8039, 39, 39);
INSERT INTO Notificaciones (id_notificacion, contenido, id_jornada_notificaciones, identificacion_medicos, id_resultado, id_jefe, id_paciente) VALUES(9040, '<mensaje>Resultados de análisis disponibles.</mensaje>', 7040, 140, 8040, 40, 40);
INSERT INTO Notificaciones (id_notificacion, contenido, id_jornada_notificaciones, identificacion_medicos, id_resultado, id_jefe, id_paciente) VALUES(9041, '<mensaje>Vacunación programada para el 2024-07-28 en Centro de Convenciones.</mensaje>', 7041, 141, 8041, 41, 41);
INSERT INTO Notificaciones (id_notificacion, contenido, id_jornada_notificaciones, identificacion_medicos, id_resultado, id_jefe, id_paciente) VALUES(9042, '<mensaje>Resultados de análisis disponibles.</mensaje>', 7042, 142, 8042, 42, 42);
INSERT INTO Notificaciones (id_notificacion, contenido, id_jornada_notificaciones, identificacion_medicos, id_resultado, id_jefe, id_paciente) VALUES(9043, '<mensaje>Vacunación programada para el 2024-08-04 en Plaza del Sol.</mensaje>', 7043, 143, 8043, 43, 43);
INSERT INTO Notificaciones (id_notificacion, contenido, id_jornada_notificaciones, identificacion_medicos, id_resultado, id_jefe, id_paciente) VALUES(9044, '<mensaje>Resultados de análisis disponibles.</mensaje>', 7044, 144, 8044, 44, 44);
INSERT INTO Notificaciones (id_notificacion, contenido, id_jornada_notificaciones, identificacion_medicos, id_resultado, id_jefe, id_paciente) VALUES(9045, '<mensaje>Vacunación programada para el 2024-08-11 en Parque de la Juventud.</mensaje>', 7045, 145, 8045, 45, 45);
INSERT INTO Notificaciones (id_notificacion, contenido, id_jornada_notificaciones, identificacion_medicos, id_resultado, id_jefe, id_paciente) VALUES(9046, '<mensaje>Resultados de análisis disponibles.</mensaje>', 7046, 146, 8046, 46, 46);
INSERT INTO Notificaciones (id_notificacion, contenido, id_jornada_notificaciones, identificacion_medicos, id_resultado, id_jefe, id_paciente) VALUES(9047, '<mensaje>Vacunación programada para el 2024-08-18 en Parque de la Salud.</mensaje>', 7047, 147, 8047, 47, 47);
INSERT INTO Notificaciones (id_notificacion, contenido, id_jornada_notificaciones, identificacion_medicos, id_resultado, id_jefe, id_paciente) VALUES(9048, '<mensaje>Resultados de análisis disponibles.</mensaje>', 7048, 148, 8048, 48, 48);
INSERT INTO Notificaciones (id_notificacion, contenido, id_jornada_notificaciones, identificacion_medicos, id_resultado, id_jefe, id_paciente) VALUES(9049, '<mensaje>Vacunación programada para el 2024-08-25 en Plaza del Deporte.</mensaje>', 7049, 149, 8049, 49, 49);
INSERT INTO Notificaciones (id_notificacion, contenido, id_jornada_notificaciones, identificacion_medicos, id_resultado, id_jefe, id_paciente) VALUES(9050, '<mensaje>Resultados de análisis disponibles.</mensaje>', 7050, 150, 8050, 50, 50);




INSERT INTO PruebaDeLaboratorio (id_prueba, tipoDePrueba, fecha_realizacion, resultadoPrevio, estado, id_diagnostico) VALUES(10001, 'Prueba1', TO_DATE('2024-02-20', 'YYYY-MM-DD'), 'Pendiente', 'Pendiente', 1);
INSERT INTO PruebaDeLaboratorio (id_prueba, tipoDePrueba, fecha_realizacion, resultadoPrevio, estado, id_diagnostico) VALUES(10002, 'Prueba2', TO_DATE('2024-02-27', 'YYYY-MM-DD'), 'Completada', 'Completada', 2);
INSERT INTO PruebaDeLaboratorio (id_prueba, tipoDePrueba, fecha_realizacion, resultadoPrevio, estado, id_diagnostico) VALUES(10003, 'Prueba3', TO_DATE('2024-03-05', 'YYYY-MM-DD'), 'Pendiente', 'Pendiente', 3);
INSERT INTO PruebaDeLaboratorio (id_prueba, tipoDePrueba, fecha_realizacion, resultadoPrevio, estado, id_diagnostico) VALUES(10004, 'Prueba4', TO_DATE('2024-03-12', 'YYYY-MM-DD'), 'Completada', 'Completada', 4);
INSERT INTO PruebaDeLaboratorio (id_prueba, tipoDePrueba, fecha_realizacion, resultadoPrevio, estado, id_diagnostico) VALUES(10005, 'Prueba5', TO_DATE('2024-03-19', 'YYYY-MM-DD'), 'Pendiente', 'Pendiente', 5);
INSERT INTO PruebaDeLaboratorio (id_prueba, tipoDePrueba, fecha_realizacion, resultadoPrevio, estado, id_diagnostico) VALUES(10006, 'Prueba6', TO_DATE('2024-03-26', 'YYYY-MM-DD'), 'Completada', 'Completada', 6);
INSERT INTO PruebaDeLaboratorio (id_prueba, tipoDePrueba, fecha_realizacion, resultadoPrevio, estado, id_diagnostico) VALUES(10007, 'Prueba7', TO_DATE('2024-04-02', 'YYYY-MM-DD'), 'Pendiente', 'Pendiente', 7);
INSERT INTO PruebaDeLaboratorio (id_prueba, tipoDePrueba, fecha_realizacion, resultadoPrevio, estado, id_diagnostico) VALUES(10008, 'Prueba8', TO_DATE('2024-04-09', 'YYYY-MM-DD'), 'Completada', 'Completada', 8);
INSERT INTO PruebaDeLaboratorio (id_prueba, tipoDePrueba, fecha_realizacion, resultadoPrevio, estado, id_diagnostico) VALUES(10009, 'Prueba9', TO_DATE('2024-04-16', 'YYYY-MM-DD'), 'Pendiente', 'Pendiente', 9);
INSERT INTO PruebaDeLaboratorio (id_prueba, tipoDePrueba, fecha_realizacion, resultadoPrevio, estado, id_diagnostico) VALUES(10010, 'Prueba10', TO_DATE('2024-04-23', 'YYYY-MM-DD'), 'Completada', 'Completada', 10);
INSERT INTO PruebaDeLaboratorio (id_prueba, tipoDePrueba, fecha_realizacion, resultadoPrevio, estado, id_diagnostico) VALUES(10011, 'Prueba11', TO_DATE('2024-04-30', 'YYYY-MM-DD'), 'Pendiente', 'Pendiente', 11);
INSERT INTO PruebaDeLaboratorio (id_prueba, tipoDePrueba, fecha_realizacion, resultadoPrevio, estado, id_diagnostico) VALUES(10012, 'Prueba12', TO_DATE('2024-05-07', 'YYYY-MM-DD'), 'Completada', 'Completada', 12);
INSERT INTO PruebaDeLaboratorio (id_prueba, tipoDePrueba, fecha_realizacion, resultadoPrevio, estado, id_diagnostico) VALUES(10013, 'Prueba13', TO_DATE('2024-05-14', 'YYYY-MM-DD'), 'Pendiente', 'Pendiente', 13);
INSERT INTO PruebaDeLaboratorio (id_prueba, tipoDePrueba, fecha_realizacion, resultadoPrevio, estado, id_diagnostico) VALUES(10014, 'Prueba14', TO_DATE('2024-05-21', 'YYYY-MM-DD'), 'Completada', 'Completada', 14);
INSERT INTO PruebaDeLaboratorio (id_prueba, tipoDePrueba, fecha_realizacion, resultadoPrevio, estado, id_diagnostico) VALUES(10015, 'Prueba15', TO_DATE('2024-05-28', 'YYYY-MM-DD'), 'Pendiente', 'Pendiente', 15);
INSERT INTO PruebaDeLaboratorio (id_prueba, tipoDePrueba, fecha_realizacion, resultadoPrevio, estado, id_diagnostico) VALUES(10016, 'Prueba16', TO_DATE('2024-06-04', 'YYYY-MM-DD'), 'Completada', 'Completada', 16);
INSERT INTO PruebaDeLaboratorio (id_prueba, tipoDePrueba, fecha_realizacion, resultadoPrevio, estado, id_diagnostico) VALUES(10017, 'Prueba17', TO_DATE('2024-06-11', 'YYYY-MM-DD'), 'Pendiente', 'Pendiente', 17);
INSERT INTO PruebaDeLaboratorio (id_prueba, tipoDePrueba, fecha_realizacion, resultadoPrevio, estado, id_diagnostico) VALUES(10018, 'Prueba18', TO_DATE('2024-06-18', 'YYYY-MM-DD'), 'Completada', 'Completada', 18);
INSERT INTO PruebaDeLaboratorio (id_prueba, tipoDePrueba, fecha_realizacion, resultadoPrevio, estado, id_diagnostico) VALUES(10019, 'Prueba19', TO_DATE('2024-06-25', 'YYYY-MM-DD'), 'Pendiente', 'Pendiente', 19);
INSERT INTO PruebaDeLaboratorio (id_prueba, tipoDePrueba, fecha_realizacion, resultadoPrevio, estado, id_diagnostico) VALUES(10020, 'Prueba20', TO_DATE('2024-07-02', 'YYYY-MM-DD'), 'Completada', 'Completada', 20);
INSERT INTO PruebaDeLaboratorio (id_prueba, tipoDePrueba, fecha_realizacion, resultadoPrevio, estado, id_diagnostico) VALUES(10021, 'Prueba21', TO_DATE('2024-07-09', 'YYYY-MM-DD'), 'Pendiente', 'Pendiente', 21);
INSERT INTO PruebaDeLaboratorio (id_prueba, tipoDePrueba, fecha_realizacion, resultadoPrevio, estado, id_diagnostico) VALUES(10022, 'Prueba22', TO_DATE('2024-07-16', 'YYYY-MM-DD'), 'Completada', 'Completada', 22);
INSERT INTO PruebaDeLaboratorio (id_prueba, tipoDePrueba, fecha_realizacion, resultadoPrevio, estado, id_diagnostico) VALUES(10023, 'Prueba23', TO_DATE('2024-07-23', 'YYYY-MM-DD'), 'Pendiente', 'Pendiente', 23);
INSERT INTO PruebaDeLaboratorio (id_prueba, tipoDePrueba, fecha_realizacion, resultadoPrevio, estado, id_diagnostico) VALUES(10024, 'Prueba24', TO_DATE('2024-07-30', 'YYYY-MM-DD'), 'Completada', 'Completada', 24);
INSERT INTO PruebaDeLaboratorio (id_prueba, tipoDePrueba, fecha_realizacion, resultadoPrevio, estado, id_diagnostico) VALUES(10025, 'Prueba25', TO_DATE('2024-08-06', 'YYYY-MM-DD'), 'Pendiente', 'Pendiente', 25);
INSERT INTO PruebaDeLaboratorio (id_prueba, tipoDePrueba, fecha_realizacion, resultadoPrevio, estado, id_diagnostico) VALUES(10026, 'Prueba26', TO_DATE('2024-08-13', 'YYYY-MM-DD'), 'Completada', 'Completada', 26);
INSERT INTO PruebaDeLaboratorio (id_prueba, tipoDePrueba, fecha_realizacion, resultadoPrevio, estado, id_diagnostico) VALUES(10027, 'Prueba27', TO_DATE('2024-08-20', 'YYYY-MM-DD'), 'Pendiente', 'Pendiente', 27);
INSERT INTO PruebaDeLaboratorio (id_prueba, tipoDePrueba, fecha_realizacion, resultadoPrevio, estado, id_diagnostico) VALUES(10028, 'Prueba28', TO_DATE('2024-08-27', 'YYYY-MM-DD'), 'Completada', 'Completada', 28);
INSERT INTO PruebaDeLaboratorio (id_prueba, tipoDePrueba, fecha_realizacion, resultadoPrevio, estado, id_diagnostico) VALUES(10029, 'Prueba29', TO_DATE('2024-09-03', 'YYYY-MM-DD'), 'Pendiente', 'Pendiente', 29);
INSERT INTO PruebaDeLaboratorio (id_prueba, tipoDePrueba, fecha_realizacion, resultadoPrevio, estado, id_diagnostico) VALUES(10030, 'Prueba30', TO_DATE('2024-09-10', 'YYYY-MM-DD'), 'Completada', 'Completada', 30);
INSERT INTO PruebaDeLaboratorio (id_prueba, tipoDePrueba, fecha_realizacion, resultadoPrevio, estado, id_diagnostico) VALUES(10031, 'Prueba31', TO_DATE('2024-09-17', 'YYYY-MM-DD'), 'Pendiente', 'Pendiente', 31);
INSERT INTO PruebaDeLaboratorio (id_prueba, tipoDePrueba, fecha_realizacion, resultadoPrevio, estado, id_diagnostico) VALUES(10032, 'Prueba32', TO_DATE('2024-09-24', 'YYYY-MM-DD'), 'Completada', 'Completada', 32);
INSERT INTO PruebaDeLaboratorio (id_prueba, tipoDePrueba, fecha_realizacion, resultadoPrevio, estado, id_diagnostico) VALUES(10033, 'Prueba33', TO_DATE('2024-10-01', 'YYYY-MM-DD'), 'Pendiente', 'Pendiente', 33);
INSERT INTO PruebaDeLaboratorio (id_prueba, tipoDePrueba, fecha_realizacion, resultadoPrevio, estado, id_diagnostico) VALUES(10034, 'Prueba34', TO_DATE('2024-10-08', 'YYYY-MM-DD'), 'Completada', 'Completada', 34);
INSERT INTO PruebaDeLaboratorio (id_prueba, tipoDePrueba, fecha_realizacion, resultadoPrevio, estado, id_diagnostico) VALUES(10035, 'Prueba35', TO_DATE('2024-10-15', 'YYYY-MM-DD'), 'Pendiente', 'Pendiente', 35);
INSERT INTO PruebaDeLaboratorio (id_prueba, tipoDePrueba, fecha_realizacion, resultadoPrevio, estado, id_diagnostico) VALUES(10036, 'Prueba36', TO_DATE('2024-10-22', 'YYYY-MM-DD'), 'Completada', 'Completada', 36);
INSERT INTO PruebaDeLaboratorio (id_prueba, tipoDePrueba, fecha_realizacion, resultadoPrevio, estado, id_diagnostico) VALUES(10037, 'Prueba37', TO_DATE('2024-10-29', 'YYYY-MM-DD'), 'Pendiente', 'Pendiente', 37);
INSERT INTO PruebaDeLaboratorio (id_prueba, tipoDePrueba, fecha_realizacion, resultadoPrevio, estado, id_diagnostico) VALUES(10038, 'Prueba38', TO_DATE('2024-11-05', 'YYYY-MM-DD'), 'Completada', 'Completada', 38);
INSERT INTO PruebaDeLaboratorio (id_prueba, tipoDePrueba, fecha_realizacion, resultadoPrevio, estado, id_diagnostico) VALUES(10039, 'Prueba39', TO_DATE('2024-11-12', 'YYYY-MM-DD'), 'Pendiente', 'Pendiente', 39);
INSERT INTO PruebaDeLaboratorio (id_prueba, tipoDePrueba, fecha_realizacion, resultadoPrevio, estado, id_diagnostico) VALUES(10040, 'Prueba40', TO_DATE('2024-11-19', 'YYYY-MM-DD'), 'Completada', 'Completada', 40);
INSERT INTO PruebaDeLaboratorio (id_prueba, tipoDePrueba, fecha_realizacion, resultadoPrevio, estado, id_diagnostico) VALUES(10041, 'Prueba41', TO_DATE('2024-11-26', 'YYYY-MM-DD'), 'Pendiente', 'Pendiente', 41);
INSERT INTO PruebaDeLaboratorio (id_prueba, tipoDePrueba, fecha_realizacion, resultadoPrevio, estado, id_diagnostico) VALUES(10042, 'Prueba42', TO_DATE('2024-12-03', 'YYYY-MM-DD'), 'Completada', 'Completada', 42);
INSERT INTO PruebaDeLaboratorio (id_prueba, tipoDePrueba, fecha_realizacion, resultadoPrevio, estado, id_diagnostico) VALUES(10043, 'Prueba43', TO_DATE('2024-12-10', 'YYYY-MM-DD'), 'Pendiente', 'Pendiente', 43);
INSERT INTO PruebaDeLaboratorio (id_prueba, tipoDePrueba, fecha_realizacion, resultadoPrevio, estado, id_diagnostico) VALUES(10044, 'Prueba44', TO_DATE('2024-12-17', 'YYYY-MM-DD'), 'Completada', 'Completada', 44);
INSERT INTO PruebaDeLaboratorio (id_prueba, tipoDePrueba, fecha_realizacion, resultadoPrevio, estado, id_diagnostico) VALUES(10045, 'Prueba45', TO_DATE('2024-12-24', 'YYYY-MM-DD'), 'Pendiente', 'Pendiente', 45);
INSERT INTO PruebaDeLaboratorio (id_prueba, tipoDePrueba, fecha_realizacion, resultadoPrevio, estado, id_diagnostico) VALUES(10046, 'Prueba46', TO_DATE('2024-12-31', 'YYYY-MM-DD'), 'Completada', 'Completada', 46);
INSERT INTO PruebaDeLaboratorio (id_prueba, tipoDePrueba, fecha_realizacion, resultadoPrevio, estado, id_diagnostico) VALUES(10047, 'Prueba47', TO_DATE('2025-01-07', 'YYYY-MM-DD'), 'Pendiente', 'Pendiente', 47);
INSERT INTO PruebaDeLaboratorio (id_prueba, tipoDePrueba, fecha_realizacion, resultadoPrevio, estado, id_diagnostico) VALUES(10048, 'Prueba48', TO_DATE('2025-01-14', 'YYYY-MM-DD'), 'Completada', 'Completada', 48);
INSERT INTO PruebaDeLaboratorio (id_prueba, tipoDePrueba, fecha_realizacion, resultadoPrevio, estado, id_diagnostico) VALUES(10049, 'Prueba49', TO_DATE('2025-01-21', 'YYYY-MM-DD'), 'Pendiente', 'Pendiente', 49);
INSERT INTO PruebaDeLaboratorio (id_prueba, tipoDePrueba, fecha_realizacion, resultadoPrevio, estado, id_diagnostico) VALUES(10050, 'Prueba50', TO_DATE('2025-01-28', 'YYYY-MM-DD'), 'Completada', 'Completada', 50);


INSERT INTO RecepcionNotificacion (id_recepcion, fechaDeRecepcion, confirmacion, id_notificacion_recepcion) VALUES(11001, TO_DATE('2024-03-11', 'YYYY-MM-DD'), 'Recibida', 9001);
INSERT INTO RecepcionNotificacion (id_recepcion, fechaDeRecepcion, confirmacion, id_notificacion_recepcion) VALUES(11002, TO_DATE('2024-03-18', 'YYYY-MM-DD'), 'No Recibido', 9002);
INSERT INTO RecepcionNotificacion (id_recepcion, fechaDeRecepcion, confirmacion, id_notificacion_recepcion) VALUES(11003, TO_DATE('2024-03-25', 'YYYY-MM-DD'), 'Recibida', 9003);
INSERT INTO RecepcionNotificacion (id_recepcion, fechaDeRecepcion, confirmacion, id_notificacion_recepcion) VALUES(11004, TO_DATE('2024-04-01', 'YYYY-MM-DD'), 'No Recibido', 9004);
INSERT INTO RecepcionNotificacion (id_recepcion, fechaDeRecepcion, confirmacion, id_notificacion_recepcion) VALUES(11005, TO_DATE('2024-04-08', 'YYYY-MM-DD'), 'Recibida', 9005);
INSERT INTO RecepcionNotificacion (id_recepcion, fechaDeRecepcion, confirmacion, id_notificacion_recepcion) VALUES(11006, TO_DATE('2024-04-15', 'YYYY-MM-DD'), 'No Recibido', 9006);
INSERT INTO RecepcionNotificacion (id_recepcion, fechaDeRecepcion, confirmacion, id_notificacion_recepcion) VALUES(11007, TO_DATE('2024-04-22', 'YYYY-MM-DD'), 'Recibida', 9007);
INSERT INTO RecepcionNotificacion (id_recepcion, fechaDeRecepcion, confirmacion, id_notificacion_recepcion) VALUES(11008, TO_DATE('2024-04-29', 'YYYY-MM-DD'), 'No Recibido', 9008);
INSERT INTO RecepcionNotificacion (id_recepcion, fechaDeRecepcion, confirmacion, id_notificacion_recepcion) VALUES(11009, TO_DATE('2024-05-06', 'YYYY-MM-DD'), 'Recibida', 9009);
INSERT INTO RecepcionNotificacion (id_recepcion, fechaDeRecepcion, confirmacion, id_notificacion_recepcion) VALUES(11010, TO_DATE('2024-05-13', 'YYYY-MM-DD'), 'No Recibido', 9010);
INSERT INTO RecepcionNotificacion (id_recepcion, fechaDeRecepcion, confirmacion, id_notificacion_recepcion) VALUES(11011, TO_DATE('2024-05-20', 'YYYY-MM-DD'), 'Recibida', 9011);
INSERT INTO RecepcionNotificacion (id_recepcion, fechaDeRecepcion, confirmacion, id_notificacion_recepcion) VALUES(11012, TO_DATE('2024-05-27', 'YYYY-MM-DD'), 'No Recibido', 9012);
INSERT INTO RecepcionNotificacion (id_recepcion, fechaDeRecepcion, confirmacion, id_notificacion_recepcion) VALUES(11013, TO_DATE('2024-06-03', 'YYYY-MM-DD'), 'Recibida', 9013);
INSERT INTO RecepcionNotificacion (id_recepcion, fechaDeRecepcion, confirmacion, id_notificacion_recepcion) VALUES(11014, TO_DATE('2024-06-10', 'YYYY-MM-DD'), 'No Recibido', 9014);
INSERT INTO RecepcionNotificacion (id_recepcion, fechaDeRecepcion, confirmacion, id_notificacion_recepcion) VALUES(11015, TO_DATE('2024-06-17', 'YYYY-MM-DD'), 'Recibida', 9015);
INSERT INTO RecepcionNotificacion (id_recepcion, fechaDeRecepcion, confirmacion, id_notificacion_recepcion) VALUES(11016, TO_DATE('2024-06-24', 'YYYY-MM-DD'), 'No Recibido', 9016);
INSERT INTO RecepcionNotificacion (id_recepcion, fechaDeRecepcion, confirmacion, id_notificacion_recepcion) VALUES(11017, TO_DATE('2024-07-01', 'YYYY-MM-DD'), 'Recibida', 9017);
INSERT INTO RecepcionNotificacion (id_recepcion, fechaDeRecepcion, confirmacion, id_notificacion_recepcion) VALUES(11018, TO_DATE('2024-07-08', 'YYYY-MM-DD'), 'No Recibido', 9018);
INSERT INTO RecepcionNotificacion (id_recepcion, fechaDeRecepcion, confirmacion, id_notificacion_recepcion) VALUES(11019, TO_DATE('2024-07-15', 'YYYY-MM-DD'), 'Recibida', 9019);
INSERT INTO RecepcionNotificacion (id_recepcion, fechaDeRecepcion, confirmacion, id_notificacion_recepcion) VALUES(11020, TO_DATE('2024-07-22', 'YYYY-MM-DD'), 'No Recibido', 9020);
INSERT INTO RecepcionNotificacion (id_recepcion, fechaDeRecepcion, confirmacion, id_notificacion_recepcion) VALUES(11021, TO_DATE('2024-07-29', 'YYYY-MM-DD'), 'Recibida', 9021);
INSERT INTO RecepcionNotificacion (id_recepcion, fechaDeRecepcion, confirmacion, id_notificacion_recepcion) VALUES(11022, TO_DATE('2024-08-05', 'YYYY-MM-DD'), 'No Recibido', 9022);
INSERT INTO RecepcionNotificacion (id_recepcion, fechaDeRecepcion, confirmacion, id_notificacion_recepcion) VALUES(11023, TO_DATE('2024-08-12', 'YYYY-MM-DD'), 'Recibida', 9023);
INSERT INTO RecepcionNotificacion (id_recepcion, fechaDeRecepcion, confirmacion, id_notificacion_recepcion) VALUES(11024, TO_DATE('2024-08-19', 'YYYY-MM-DD'), 'No Recibido', 9024);
INSERT INTO RecepcionNotificacion (id_recepcion, fechaDeRecepcion, confirmacion, id_notificacion_recepcion) VALUES(11025, TO_DATE('2024-08-26', 'YYYY-MM-DD'), 'Recibida', 9025);
INSERT INTO RecepcionNotificacion (id_recepcion, fechaDeRecepcion, confirmacion, id_notificacion_recepcion) VALUES(11026, TO_DATE('2024-09-02', 'YYYY-MM-DD'), 'No Recibido', 9026);
INSERT INTO RecepcionNotificacion (id_recepcion, fechaDeRecepcion, confirmacion, id_notificacion_recepcion) VALUES(11027, TO_DATE('2024-09-09', 'YYYY-MM-DD'), 'Recibida', 9027);
INSERT INTO RecepcionNotificacion (id_recepcion, fechaDeRecepcion, confirmacion, id_notificacion_recepcion) VALUES(11028, TO_DATE('2024-09-16', 'YYYY-MM-DD'), 'No Recibido', 9028);
INSERT INTO RecepcionNotificacion (id_recepcion, fechaDeRecepcion, confirmacion, id_notificacion_recepcion) VALUES(11029, TO_DATE('2024-09-23', 'YYYY-MM-DD'), 'Recibida', 9029);
INSERT INTO RecepcionNotificacion (id_recepcion, fechaDeRecepcion, confirmacion, id_notificacion_recepcion) VALUES(11030, TO_DATE('2024-09-30', 'YYYY-MM-DD'), 'No Recibido', 9030);
INSERT INTO RecepcionNotificacion (id_recepcion, fechaDeRecepcion, confirmacion, id_notificacion_recepcion) VALUES(11031, TO_DATE('2024-10-07', 'YYYY-MM-DD'), 'Recibida', 9031);
INSERT INTO RecepcionNotificacion (id_recepcion, fechaDeRecepcion, confirmacion, id_notificacion_recepcion) VALUES(11032, TO_DATE('2024-10-14', 'YYYY-MM-DD'), 'No Recibido', 9032);
INSERT INTO RecepcionNotificacion (id_recepcion, fechaDeRecepcion, confirmacion, id_notificacion_recepcion) VALUES(11033, TO_DATE('2024-10-21', 'YYYY-MM-DD'), 'Recibida', 9033);
INSERT INTO RecepcionNotificacion (id_recepcion, fechaDeRecepcion, confirmacion, id_notificacion_recepcion) VALUES(11034, TO_DATE('2024-10-28', 'YYYY-MM-DD'), 'No Recibido', 9034);
INSERT INTO RecepcionNotificacion (id_recepcion, fechaDeRecepcion, confirmacion, id_notificacion_recepcion) VALUES(11035, TO_DATE('2024-11-04', 'YYYY-MM-DD'), 'Recibida', 9035);
INSERT INTO RecepcionNotificacion (id_recepcion, fechaDeRecepcion, confirmacion, id_notificacion_recepcion) VALUES(11036, TO_DATE('2024-11-11', 'YYYY-MM-DD'), 'No Recibido', 9036);
INSERT INTO RecepcionNotificacion (id_recepcion, fechaDeRecepcion, confirmacion, id_notificacion_recepcion) VALUES(11037, TO_DATE('2024-11-18', 'YYYY-MM-DD'), 'Recibida', 9037);
INSERT INTO RecepcionNotificacion (id_recepcion, fechaDeRecepcion, confirmacion, id_notificacion_recepcion) VALUES(11038, TO_DATE('2024-11-25', 'YYYY-MM-DD'), 'No Recibido', 9038);
INSERT INTO RecepcionNotificacion (id_recepcion, fechaDeRecepcion, confirmacion, id_notificacion_recepcion) VALUES(11039, TO_DATE('2024-12-02', 'YYYY-MM-DD'), 'Recibida', 9039);
INSERT INTO RecepcionNotificacion (id_recepcion, fechaDeRecepcion, confirmacion, id_notificacion_recepcion) VALUES(11040, TO_DATE('2024-12-09', 'YYYY-MM-DD'), 'No Recibido', 9040);
INSERT INTO RecepcionNotificacion (id_recepcion, fechaDeRecepcion, confirmacion, id_notificacion_recepcion) VALUES(11041, TO_DATE('2024-12-16', 'YYYY-MM-DD'), 'Recibida', 9041);
INSERT INTO RecepcionNotificacion (id_recepcion, fechaDeRecepcion, confirmacion, id_notificacion_recepcion) VALUES(11042, TO_DATE('2024-12-23', 'YYYY-MM-DD'), 'No Recibido', 9042);
INSERT INTO RecepcionNotificacion (id_recepcion, fechaDeRecepcion, confirmacion, id_notificacion_recepcion) VALUES(11043, TO_DATE('2024-12-30', 'YYYY-MM-DD'), 'Recibida', 9043);
INSERT INTO RecepcionNotificacion (id_recepcion, fechaDeRecepcion, confirmacion, id_notificacion_recepcion) VALUES(11044, TO_DATE('2025-01-06', 'YYYY-MM-DD'), 'No Recibido', 9044);
INSERT INTO RecepcionNotificacion (id_recepcion, fechaDeRecepcion, confirmacion, id_notificacion_recepcion) VALUES(11045, TO_DATE('2025-01-13', 'YYYY-MM-DD'), 'Recibida', 9045);
INSERT INTO RecepcionNotificacion (id_recepcion, fechaDeRecepcion, confirmacion, id_notificacion_recepcion) VALUES(11046, TO_DATE('2025-01-20', 'YYYY-MM-DD'), 'No Recibido', 9046);
INSERT INTO RecepcionNotificacion (id_recepcion, fechaDeRecepcion, confirmacion, id_notificacion_recepcion) VALUES(11047, TO_DATE('2025-01-27', 'YYYY-MM-DD'), 'Recibida', 9047);
INSERT INTO RecepcionNotificacion (id_recepcion, fechaDeRecepcion, confirmacion, id_notificacion_recepcion) VALUES(11048, TO_DATE('2025-02-03', 'YYYY-MM-DD'), 'No Recibido', 9048);
INSERT INTO RecepcionNotificacion (id_recepcion, fechaDeRecepcion, confirmacion, id_notificacion_recepcion) VALUES(11049, TO_DATE('2025-02-10', 'YYYY-MM-DD'), 'Recibida', 9049);
INSERT INTO RecepcionNotificacion (id_recepcion, fechaDeRecepcion, confirmacion, id_notificacion_recepcion) VALUES(11050, TO_DATE('2025-02-17', 'YYYY-MM-DD'), 'No Recibido', 9050);


INSERT INTO Observaciones (observacion, id_resultado) VALUES('Paciente necesita seguimiento adicional.', 8001);
INSERT INTO Observaciones (observacion, id_resultado) VALUES('Resultado dentro de parámetros normales.', 8002);
INSERT INTO Observaciones (observacion, id_resultado) VALUES('Elevados niveles de glucosa detectados.', 8003);
INSERT INTO Observaciones (observacion, id_resultado) VALUES('Hemoglobina en rango óptimo.', 8004);
INSERT INTO Observaciones (observacion, id_resultado) VALUES('Se observa anemia leve.', 8005);
INSERT INTO Observaciones (observacion, id_resultado) VALUES('Marcadores de inflamación elevados.', 8006);
INSERT INTO Observaciones (observacion, id_resultado) VALUES('Función renal normal.', 8007);
INSERT INTO Observaciones (observacion, id_resultado) VALUES('Colesterol LDL alto, se recomienda dieta.', 8008);
INSERT INTO Observaciones (observacion, id_resultado) VALUES('Niveles de vitamina D insuficientes.', 8009);
INSERT INTO Observaciones (observacion, id_resultado) VALUES('Resultados de PCR positivos para influenza.', 8010);
INSERT INTO Observaciones (observacion, id_resultado) VALUES('Marcadores hepáticos dentro de límites.', 8011);
INSERT INTO Observaciones (observacion, id_resultado) VALUES('Presencia de bacterias en cultivo.', 8012);
INSERT INTO Observaciones (observacion, id_resultado) VALUES('Triglicéridos elevados, se sugiere ejercicio regular.', 8013);
INSERT INTO Observaciones (observacion, id_resultado) VALUES('Electrolitos balanceados.', 8014);
INSERT INTO Observaciones (observacion, id_resultado) VALUES('Resultados de ecografía muestran hígado saludable.', 8015);
INSERT INTO Observaciones (observacion, id_resultado) VALUES('Función tiroidea normal.', 8016);
INSERT INTO Observaciones (observacion, id_resultado) VALUES('Presencia de células cancerígenas detectadas.', 8017);
INSERT INTO Observaciones (observacion, id_resultado) VALUES('Marcadores cardíacos elevados, se recomienda consulta cardiológica.', 8018);
INSERT INTO Observaciones (observacion, id_resultado) VALUES('Nivel de hierro bajo, posible deficiencia.', 8019);
INSERT INTO Observaciones (observacion, id_resultado) VALUES('Resultados de tomografía sin anomalías.', 8020);
INSERT INTO Observaciones (observacion, id_resultado) VALUES('Detección de virus en muestras analizadas.', 8021);
INSERT INTO Observaciones (observacion, id_resultado) VALUES('Proteínas totales dentro de rango.', 8022);
INSERT INTO Observaciones (observacion, id_resultado) VALUES('Marcadores de coagulación normales.', 8023);
INSERT INTO Observaciones (observacion, id_resultado) VALUES('Resultados de ultrasonido indican quistes benignos.', 8024);
INSERT INTO Observaciones (observacion, id_resultado) VALUES('Niveles de potasio elevados, se requiere ajuste de medicación.', 8025);
INSERT INTO Observaciones (observacion, id_resultado) VALUES('Presión arterial controlada.', 8026);
INSERT INTO Observaciones (observacion, id_resultado) VALUES('Función pulmonar óptima.', 8027);
INSERT INTO Observaciones (observacion, id_resultado) VALUES('Niveles de calcio dentro de límites normales.', 8028);
INSERT INTO Observaciones (observacion, id_resultado) VALUES('Análisis de orina sin irregularidades.', 8029);
INSERT INTO Observaciones (observacion, id_resultado) VALUES('Marcadores de estrés oxidativo elevados.', 8030);
INSERT INTO Observaciones (observacion, id_resultado) VALUES('Resultados de cultivo bacteriano negativos.', 8031);
INSERT INTO Observaciones (observacion, id_resultado) VALUES('Se recomienda aumento de ingesta de hierro.', 8032);
INSERT INTO Observaciones (observacion, id_resultado) VALUES('Función pancreática normal.', 8033);
INSERT INTO Observaciones (observacion, id_resultado) VALUES('Resultados de pruebas de coagulación estables.', 8034);
INSERT INTO Observaciones (observacion, id_resultado) VALUES('Niveles de magnesio adecuados.', 8035);
INSERT INTO Observaciones (observacion, id_resultado) VALUES('Se detectaron niveles altos de ácido úrico.', 8036);
INSERT INTO Observaciones (observacion, id_resultado) VALUES('Resultados de pruebas de función hepática normales.', 8037);
INSERT INTO Observaciones (observacion, id_resultado) VALUES('Marcadores de inflamación reducidos.', 8038);
INSERT INTO Observaciones (observacion, id_resultado) VALUES('Detección de antígenos positivos.', 8039);
INSERT INTO Observaciones (observacion, id_resultado) VALUES('Función endocrina equilibrada.', 8040);
INSERT INTO Observaciones (observacion, id_resultado) VALUES('Se observan cambios en el perfil lipídico.', 8041);
INSERT INTO Observaciones (observacion, id_resultado) VALUES('Resultados de radiografía sin hallazgos significativos.', 8042);
INSERT INTO Observaciones (observacion, id_resultado) VALUES('Niveles de zinc adecuados.', 8043);
INSERT INTO Observaciones (observacion, id_resultado) VALUES('Presencia de parásitos en muestras analizadas.', 8044);
INSERT INTO Observaciones (observacion, id_resultado) VALUES('Se recomienda aumento de actividad física.', 8045);
INSERT INTO Observaciones (observacion, id_resultado) VALUES('Resultados de pruebas de función renal estables.', 8046);
INSERT INTO Observaciones (observacion, id_resultado) VALUES('Se detectaron niveles bajos de vitamina B12.', 8047);
INSERT INTO Observaciones (observacion, id_resultado) VALUES('Función respiratoria normal.', 8048);
INSERT INTO Observaciones (observacion, id_resultado) VALUES('Marcadores de infección ausentes.', 8049);
INSERT INTO Observaciones (observacion, id_resultado) VALUES('Niveles de fósforo dentro de rango.', 8050);





INSERT INTO MedicosAsignanPruebas (id_pruebas, identificacion_medicos) VALUES(10001, 101);
INSERT INTO MedicosAsignanPruebas (id_pruebas, identificacion_medicos) VALUES(10002, 102);
INSERT INTO MedicosAsignanPruebas (id_pruebas, identificacion_medicos) VALUES(10003, 103);
INSERT INTO MedicosAsignanPruebas (id_pruebas, identificacion_medicos) VALUES(10004, 104);
INSERT INTO MedicosAsignanPruebas (id_pruebas, identificacion_medicos) VALUES(10005, 105);
INSERT INTO MedicosAsignanPruebas (id_pruebas, identificacion_medicos) VALUES(10006, 106);
INSERT INTO MedicosAsignanPruebas (id_pruebas, identificacion_medicos) VALUES(10007, 107);
INSERT INTO MedicosAsignanPruebas (id_pruebas, identificacion_medicos) VALUES(10008, 108);
INSERT INTO MedicosAsignanPruebas (id_pruebas, identificacion_medicos) VALUES(10009, 109);
INSERT INTO MedicosAsignanPruebas (id_pruebas, identificacion_medicos) VALUES(10010, 110);
INSERT INTO MedicosAsignanPruebas (id_pruebas, identificacion_medicos) VALUES(10011, 111);
INSERT INTO MedicosAsignanPruebas (id_pruebas, identificacion_medicos) VALUES(10012, 112);
INSERT INTO MedicosAsignanPruebas (id_pruebas, identificacion_medicos) VALUES(10013, 113);
INSERT INTO MedicosAsignanPruebas (id_pruebas, identificacion_medicos) VALUES(10014, 114);
INSERT INTO MedicosAsignanPruebas (id_pruebas, identificacion_medicos) VALUES(10015, 115);
INSERT INTO MedicosAsignanPruebas (id_pruebas, identificacion_medicos) VALUES(10016, 116);
INSERT INTO MedicosAsignanPruebas (id_pruebas, identificacion_medicos) VALUES(10017, 117);
INSERT INTO MedicosAsignanPruebas (id_pruebas, identificacion_medicos) VALUES(10018, 118);
INSERT INTO MedicosAsignanPruebas (id_pruebas, identificacion_medicos) VALUES(10019, 119);
INSERT INTO MedicosAsignanPruebas (id_pruebas, identificacion_medicos) VALUES(10020, 120);
INSERT INTO MedicosAsignanPruebas (id_pruebas, identificacion_medicos) VALUES(10021, 121);
INSERT INTO MedicosAsignanPruebas (id_pruebas, identificacion_medicos) VALUES(10022, 122);
INSERT INTO MedicosAsignanPruebas (id_pruebas, identificacion_medicos) VALUES(10023, 123);
INSERT INTO MedicosAsignanPruebas (id_pruebas, identificacion_medicos) VALUES(10024, 124);
INSERT INTO MedicosAsignanPruebas (id_pruebas, identificacion_medicos) VALUES(10025, 125);
INSERT INTO MedicosAsignanPruebas (id_pruebas, identificacion_medicos) VALUES(10026, 126);
INSERT INTO MedicosAsignanPruebas (id_pruebas, identificacion_medicos) VALUES(10027, 127);
INSERT INTO MedicosAsignanPruebas (id_pruebas, identificacion_medicos) VALUES(10028, 128);
INSERT INTO MedicosAsignanPruebas (id_pruebas, identificacion_medicos) VALUES(10029, 129);
INSERT INTO MedicosAsignanPruebas (id_pruebas, identificacion_medicos) VALUES(10030, 130);
INSERT INTO MedicosAsignanPruebas (id_pruebas, identificacion_medicos) VALUES(10031, 131);
INSERT INTO MedicosAsignanPruebas (id_pruebas, identificacion_medicos) VALUES(10032, 132);
INSERT INTO MedicosAsignanPruebas (id_pruebas, identificacion_medicos) VALUES(10033, 133);
INSERT INTO MedicosAsignanPruebas (id_pruebas, identificacion_medicos) VALUES(10034, 134);
INSERT INTO MedicosAsignanPruebas (id_pruebas, identificacion_medicos) VALUES(10035, 135);
INSERT INTO MedicosAsignanPruebas (id_pruebas, identificacion_medicos) VALUES(10036, 136);
INSERT INTO MedicosAsignanPruebas (id_pruebas, identificacion_medicos) VALUES(10037, 137);
INSERT INTO MedicosAsignanPruebas (id_pruebas, identificacion_medicos) VALUES(10038, 138);
INSERT INTO MedicosAsignanPruebas (id_pruebas, identificacion_medicos) VALUES(10039, 139);
INSERT INTO MedicosAsignanPruebas (id_pruebas, identificacion_medicos) VALUES(10040, 140);
INSERT INTO MedicosAsignanPruebas (id_pruebas, identificacion_medicos) VALUES(10041, 141);
INSERT INTO MedicosAsignanPruebas (id_pruebas, identificacion_medicos) VALUES(10042, 142);
INSERT INTO MedicosAsignanPruebas (id_pruebas, identificacion_medicos) VALUES(10043, 143);
INSERT INTO MedicosAsignanPruebas (id_pruebas, identificacion_medicos) VALUES(10044, 144);
INSERT INTO MedicosAsignanPruebas (id_pruebas, identificacion_medicos) VALUES(10045, 145);
INSERT INTO MedicosAsignanPruebas (id_pruebas, identificacion_medicos) VALUES(10046, 146);
INSERT INTO MedicosAsignanPruebas (id_pruebas, identificacion_medicos) VALUES(10047, 147);
INSERT INTO MedicosAsignanPruebas (id_pruebas, identificacion_medicos) VALUES(10048, 148);
INSERT INTO MedicosAsignanPruebas (id_pruebas, identificacion_medicos) VALUES(10049, 149);
INSERT INTO MedicosAsignanPruebas (id_pruebas, identificacion_medicos) VALUES(10050, 150);




INSERT INTO LaboratoriosGeneranMedicamentos (id_laboratorio, id_medicamentos) VALUES (1, 1);
INSERT INTO LaboratoriosGeneranMedicamentos (id_laboratorio, id_medicamentos) VALUES (2, 2);
INSERT INTO LaboratoriosGeneranMedicamentos (id_laboratorio, id_medicamentos) VALUES (3, 3);
INSERT INTO LaboratoriosGeneranMedicamentos (id_laboratorio, id_medicamentos) VALUES (4, 4);
INSERT INTO LaboratoriosGeneranMedicamentos (id_laboratorio, id_medicamentos) VALUES (5, 5);
INSERT INTO LaboratoriosGeneranMedicamentos (id_laboratorio, id_medicamentos) VALUES (6, 6);
INSERT INTO LaboratoriosGeneranMedicamentos (id_laboratorio, id_medicamentos) VALUES (7, 7);
INSERT INTO LaboratoriosGeneranMedicamentos (id_laboratorio, id_medicamentos) VALUES (8, 8);
INSERT INTO LaboratoriosGeneranMedicamentos (id_laboratorio, id_medicamentos) VALUES (9, 9);
INSERT INTO LaboratoriosGeneranMedicamentos (id_laboratorio, id_medicamentos) VALUES (10, 10);
INSERT INTO LaboratoriosGeneranMedicamentos (id_laboratorio, id_medicamentos) VALUES (11, 11);
INSERT INTO LaboratoriosGeneranMedicamentos (id_laboratorio, id_medicamentos) VALUES (12, 12);
INSERT INTO LaboratoriosGeneranMedicamentos (id_laboratorio, id_medicamentos) VALUES (13, 13);
INSERT INTO LaboratoriosGeneranMedicamentos (id_laboratorio, id_medicamentos) VALUES (14, 14);
INSERT INTO LaboratoriosGeneranMedicamentos (id_laboratorio, id_medicamentos) VALUES (15, 15);
INSERT INTO LaboratoriosGeneranMedicamentos (id_laboratorio, id_medicamentos) VALUES (16, 16);
INSERT INTO LaboratoriosGeneranMedicamentos (id_laboratorio, id_medicamentos) VALUES (17, 17);
INSERT INTO LaboratoriosGeneranMedicamentos (id_laboratorio, id_medicamentos) VALUES (18, 18);
INSERT INTO LaboratoriosGeneranMedicamentos (id_laboratorio, id_medicamentos) VALUES (19, 19);
INSERT INTO LaboratoriosGeneranMedicamentos (id_laboratorio, id_medicamentos) VALUES (20, 20);
INSERT INTO LaboratoriosGeneranMedicamentos (id_laboratorio, id_medicamentos) VALUES (21, 21);
INSERT INTO LaboratoriosGeneranMedicamentos (id_laboratorio, id_medicamentos) VALUES (22, 22);
INSERT INTO LaboratoriosGeneranMedicamentos (id_laboratorio, id_medicamentos) VALUES (23, 23);
INSERT INTO LaboratoriosGeneranMedicamentos (id_laboratorio, id_medicamentos) VALUES (24, 24);
INSERT INTO LaboratoriosGeneranMedicamentos (id_laboratorio, id_medicamentos) VALUES (25, 25);
INSERT INTO LaboratoriosGeneranMedicamentos (id_laboratorio, id_medicamentos) VALUES (26, 26);
INSERT INTO LaboratoriosGeneranMedicamentos (id_laboratorio, id_medicamentos) VALUES (27, 27);
INSERT INTO LaboratoriosGeneranMedicamentos (id_laboratorio, id_medicamentos) VALUES (28, 28);
INSERT INTO LaboratoriosGeneranMedicamentos (id_laboratorio, id_medicamentos) VALUES (29, 29);
INSERT INTO LaboratoriosGeneranMedicamentos (id_laboratorio, id_medicamentos) VALUES (30, 30);
INSERT INTO LaboratoriosGeneranMedicamentos (id_laboratorio, id_medicamentos) VALUES (31, 31);
INSERT INTO LaboratoriosGeneranMedicamentos (id_laboratorio, id_medicamentos) VALUES (32, 32);
INSERT INTO LaboratoriosGeneranMedicamentos (id_laboratorio, id_medicamentos) VALUES (33, 33);
INSERT INTO LaboratoriosGeneranMedicamentos (id_laboratorio, id_medicamentos) VALUES (34, 34);
INSERT INTO LaboratoriosGeneranMedicamentos (id_laboratorio, id_medicamentos) VALUES (35, 35);
INSERT INTO LaboratoriosGeneranMedicamentos (id_laboratorio, id_medicamentos) VALUES (36, 36);
INSERT INTO LaboratoriosGeneranMedicamentos (id_laboratorio, id_medicamentos) VALUES (37, 37);
INSERT INTO LaboratoriosGeneranMedicamentos (id_laboratorio, id_medicamentos) VALUES (38, 38);
INSERT INTO LaboratoriosGeneranMedicamentos (id_laboratorio, id_medicamentos) VALUES (39, 39);
INSERT INTO LaboratoriosGeneranMedicamentos (id_laboratorio, id_medicamentos) VALUES (40, 40);
INSERT INTO LaboratoriosGeneranMedicamentos (id_laboratorio, id_medicamentos) VALUES (41, 41);
INSERT INTO LaboratoriosGeneranMedicamentos (id_laboratorio, id_medicamentos) VALUES (42, 42);
INSERT INTO LaboratoriosGeneranMedicamentos (id_laboratorio, id_medicamentos) VALUES (43, 43);
INSERT INTO LaboratoriosGeneranMedicamentos (id_laboratorio, id_medicamentos) VALUES (44, 44);
INSERT INTO LaboratoriosGeneranMedicamentos (id_laboratorio, id_medicamentos) VALUES (45, 45);
INSERT INTO LaboratoriosGeneranMedicamentos (id_laboratorio, id_medicamentos) VALUES (46, 46);
INSERT INTO LaboratoriosGeneranMedicamentos (id_laboratorio, id_medicamentos) VALUES (47, 47);
INSERT INTO LaboratoriosGeneranMedicamentos (id_laboratorio, id_medicamentos) VALUES (48, 48);
INSERT INTO LaboratoriosGeneranMedicamentos (id_laboratorio, id_medicamentos) VALUES (49, 49);
INSERT INTO LaboratoriosGeneranMedicamentos (id_laboratorio, id_medicamentos) VALUES (50, 50);



INSERT INTO LaboratoriosTienenJefesLaboratorios (id_laboratorio, id_jefe) VALUES (1, 1);
INSERT INTO LaboratoriosTienenJefesLaboratorios (id_laboratorio, id_jefe) VALUES (2, 2);
INSERT INTO LaboratoriosTienenJefesLaboratorios (id_laboratorio, id_jefe) VALUES (3, 3);
INSERT INTO LaboratoriosTienenJefesLaboratorios (id_laboratorio, id_jefe) VALUES (4, 4);
INSERT INTO LaboratoriosTienenJefesLaboratorios (id_laboratorio, id_jefe) VALUES (5, 5);
INSERT INTO LaboratoriosTienenJefesLaboratorios (id_laboratorio, id_jefe) VALUES (6, 6);
INSERT INTO LaboratoriosTienenJefesLaboratorios (id_laboratorio, id_jefe) VALUES (7, 7);
INSERT INTO LaboratoriosTienenJefesLaboratorios (id_laboratorio, id_jefe) VALUES (8, 8);
INSERT INTO LaboratoriosTienenJefesLaboratorios (id_laboratorio, id_jefe) VALUES (9, 9);
INSERT INTO LaboratoriosTienenJefesLaboratorios (id_laboratorio, id_jefe) VALUES (10, 10);
INSERT INTO LaboratoriosTienenJefesLaboratorios (id_laboratorio, id_jefe) VALUES (11, 11);
INSERT INTO LaboratoriosTienenJefesLaboratorios (id_laboratorio, id_jefe) VALUES (12, 12);
INSERT INTO LaboratoriosTienenJefesLaboratorios (id_laboratorio, id_jefe) VALUES (13, 13);
INSERT INTO LaboratoriosTienenJefesLaboratorios (id_laboratorio, id_jefe) VALUES (14, 14);
INSERT INTO LaboratoriosTienenJefesLaboratorios (id_laboratorio, id_jefe) VALUES (15, 15);
INSERT INTO LaboratoriosTienenJefesLaboratorios (id_laboratorio, id_jefe) VALUES (16, 16);
INSERT INTO LaboratoriosTienenJefesLaboratorios (id_laboratorio, id_jefe) VALUES (17, 17);
INSERT INTO LaboratoriosTienenJefesLaboratorios (id_laboratorio, id_jefe) VALUES (18, 18);
INSERT INTO LaboratoriosTienenJefesLaboratorios (id_laboratorio, id_jefe) VALUES (19, 19);
INSERT INTO LaboratoriosTienenJefesLaboratorios (id_laboratorio, id_jefe) VALUES (20, 20);
INSERT INTO LaboratoriosTienenJefesLaboratorios (id_laboratorio, id_jefe) VALUES (21, 21);
INSERT INTO LaboratoriosTienenJefesLaboratorios (id_laboratorio, id_jefe) VALUES (22, 22);
INSERT INTO LaboratoriosTienenJefesLaboratorios (id_laboratorio, id_jefe) VALUES (23, 23);
INSERT INTO LaboratoriosTienenJefesLaboratorios (id_laboratorio, id_jefe) VALUES (24, 24);
INSERT INTO LaboratoriosTienenJefesLaboratorios (id_laboratorio, id_jefe) VALUES (25, 25);
INSERT INTO LaboratoriosTienenJefesLaboratorios (id_laboratorio, id_jefe) VALUES (26, 26);
INSERT INTO LaboratoriosTienenJefesLaboratorios (id_laboratorio, id_jefe) VALUES (27, 27);
INSERT INTO LaboratoriosTienenJefesLaboratorios (id_laboratorio, id_jefe) VALUES (28, 28);
INSERT INTO LaboratoriosTienenJefesLaboratorios (id_laboratorio, id_jefe) VALUES (29, 29);
INSERT INTO LaboratoriosTienenJefesLaboratorios (id_laboratorio, id_jefe) VALUES (30, 30);
INSERT INTO LaboratoriosTienenJefesLaboratorios (id_laboratorio, id_jefe) VALUES (31, 31);
INSERT INTO LaboratoriosTienenJefesLaboratorios (id_laboratorio, id_jefe) VALUES (32, 32);
INSERT INTO LaboratoriosTienenJefesLaboratorios (id_laboratorio, id_jefe) VALUES (33, 33);
INSERT INTO LaboratoriosTienenJefesLaboratorios (id_laboratorio, id_jefe) VALUES (34, 34);
INSERT INTO LaboratoriosTienenJefesLaboratorios (id_laboratorio, id_jefe) VALUES (35, 35);
INSERT INTO LaboratoriosTienenJefesLaboratorios (id_laboratorio, id_jefe) VALUES (36, 36);
INSERT INTO LaboratoriosTienenJefesLaboratorios (id_laboratorio, id_jefe) VALUES (37, 37);
INSERT INTO LaboratoriosTienenJefesLaboratorios (id_laboratorio, id_jefe) VALUES (38, 38);
INSERT INTO LaboratoriosTienenJefesLaboratorios (id_laboratorio, id_jefe) VALUES (39, 39);
INSERT INTO LaboratoriosTienenJefesLaboratorios (id_laboratorio, id_jefe) VALUES (40, 40);
INSERT INTO LaboratoriosTienenJefesLaboratorios (id_laboratorio, id_jefe) VALUES (41, 41);
INSERT INTO LaboratoriosTienenJefesLaboratorios (id_laboratorio, id_jefe) VALUES (42, 42);
INSERT INTO LaboratoriosTienenJefesLaboratorios (id_laboratorio, id_jefe) VALUES (43, 43);
INSERT INTO LaboratoriosTienenJefesLaboratorios (id_laboratorio, id_jefe) VALUES (44, 44);
INSERT INTO LaboratoriosTienenJefesLaboratorios (id_laboratorio, id_jefe) VALUES (45, 45);
INSERT INTO LaboratoriosTienenJefesLaboratorios (id_laboratorio, id_jefe) VALUES (46, 46);
INSERT INTO LaboratoriosTienenJefesLaboratorios (id_laboratorio, id_jefe) VALUES (47, 47);
INSERT INTO LaboratoriosTienenJefesLaboratorios (id_laboratorio, id_jefe) VALUES (48, 48);
INSERT INTO LaboratoriosTienenJefesLaboratorios (id_laboratorio, id_jefe) VALUES (49, 49);
INSERT INTO LaboratoriosTienenJefesLaboratorios (id_laboratorio, id_jefe) VALUES (50, 50);



INSERT INTO MedicosGeneraDiagnosticos (identificacion_medico, diagnostico_id) VALUES (101, 1);
INSERT INTO MedicosGeneraDiagnosticos (identificacion_medico, diagnostico_id) VALUES (102, 2);
INSERT INTO MedicosGeneraDiagnosticos (identificacion_medico, diagnostico_id) VALUES (103, 3);
INSERT INTO MedicosGeneraDiagnosticos (identificacion_medico, diagnostico_id) VALUES (104, 4);
INSERT INTO MedicosGeneraDiagnosticos (identificacion_medico, diagnostico_id) VALUES (105, 5);
INSERT INTO MedicosGeneraDiagnosticos (identificacion_medico, diagnostico_id) VALUES (106, 6);
INSERT INTO MedicosGeneraDiagnosticos (identificacion_medico, diagnostico_id) VALUES (107, 7);
INSERT INTO MedicosGeneraDiagnosticos (identificacion_medico, diagnostico_id) VALUES (108, 8);
INSERT INTO MedicosGeneraDiagnosticos (identificacion_medico, diagnostico_id) VALUES (109, 9);
INSERT INTO MedicosGeneraDiagnosticos (identificacion_medico, diagnostico_id) VALUES (110, 10);
INSERT INTO MedicosGeneraDiagnosticos (identificacion_medico, diagnostico_id) VALUES (111, 11);
INSERT INTO MedicosGeneraDiagnosticos (identificacion_medico, diagnostico_id) VALUES (112, 12);
INSERT INTO MedicosGeneraDiagnosticos (identificacion_medico, diagnostico_id) VALUES (113, 13);
INSERT INTO MedicosGeneraDiagnosticos (identificacion_medico, diagnostico_id) VALUES (114, 14);
INSERT INTO MedicosGeneraDiagnosticos (identificacion_medico, diagnostico_id) VALUES (115, 15);
INSERT INTO MedicosGeneraDiagnosticos (identificacion_medico, diagnostico_id) VALUES (116, 16);
INSERT INTO MedicosGeneraDiagnosticos (identificacion_medico, diagnostico_id) VALUES (117, 17);
INSERT INTO MedicosGeneraDiagnosticos (identificacion_medico, diagnostico_id) VALUES (118, 18);
INSERT INTO MedicosGeneraDiagnosticos (identificacion_medico, diagnostico_id) VALUES (119, 19);
INSERT INTO MedicosGeneraDiagnosticos (identificacion_medico, diagnostico_id) VALUES (120, 20);
INSERT INTO MedicosGeneraDiagnosticos (identificacion_medico, diagnostico_id) VALUES (121, 21);
INSERT INTO MedicosGeneraDiagnosticos (identificacion_medico, diagnostico_id) VALUES (122, 22);
INSERT INTO MedicosGeneraDiagnosticos (identificacion_medico, diagnostico_id) VALUES (123, 23);
INSERT INTO MedicosGeneraDiagnosticos (identificacion_medico, diagnostico_id) VALUES (124, 24);
INSERT INTO MedicosGeneraDiagnosticos (identificacion_medico, diagnostico_id) VALUES (125, 25);
INSERT INTO MedicosGeneraDiagnosticos (identificacion_medico, diagnostico_id) VALUES (126, 26);
INSERT INTO MedicosGeneraDiagnosticos (identificacion_medico, diagnostico_id) VALUES (127, 27);
INSERT INTO MedicosGeneraDiagnosticos (identificacion_medico, diagnostico_id) VALUES (128, 28);
INSERT INTO MedicosGeneraDiagnosticos (identificacion_medico, diagnostico_id) VALUES (129, 29);
INSERT INTO MedicosGeneraDiagnosticos (identificacion_medico, diagnostico_id) VALUES (130, 30);
INSERT INTO MedicosGeneraDiagnosticos (identificacion_medico, diagnostico_id) VALUES (131, 31);
INSERT INTO MedicosGeneraDiagnosticos (identificacion_medico, diagnostico_id) VALUES (132, 32);
INSERT INTO MedicosGeneraDiagnosticos (identificacion_medico, diagnostico_id) VALUES (133, 33);
INSERT INTO MedicosGeneraDiagnosticos (identificacion_medico, diagnostico_id) VALUES (134, 34);
INSERT INTO MedicosGeneraDiagnosticos (identificacion_medico, diagnostico_id) VALUES (135, 35);
INSERT INTO MedicosGeneraDiagnosticos (identificacion_medico, diagnostico_id) VALUES (136, 36);
INSERT INTO MedicosGeneraDiagnosticos (identificacion_medico, diagnostico_id) VALUES (137, 37);
INSERT INTO MedicosGeneraDiagnosticos (identificacion_medico, diagnostico_id) VALUES (138, 38);
INSERT INTO MedicosGeneraDiagnosticos (identificacion_medico, diagnostico_id) VALUES (139, 39);
INSERT INTO MedicosGeneraDiagnosticos (identificacion_medico, diagnostico_id) VALUES (140, 40);
INSERT INTO MedicosGeneraDiagnosticos (identificacion_medico, diagnostico_id) VALUES (141, 41);
INSERT INTO MedicosGeneraDiagnosticos (identificacion_medico, diagnostico_id) VALUES (142, 42);
INSERT INTO MedicosGeneraDiagnosticos (identificacion_medico, diagnostico_id) VALUES (143, 43);
INSERT INTO MedicosGeneraDiagnosticos (identificacion_medico, diagnostico_id) VALUES (144, 44);
INSERT INTO MedicosGeneraDiagnosticos (identificacion_medico, diagnostico_id) VALUES (145, 45);
INSERT INTO MedicosGeneraDiagnosticos (identificacion_medico, diagnostico_id) VALUES (146, 46);
INSERT INTO MedicosGeneraDiagnosticos (identificacion_medico, diagnostico_id) VALUES (147, 47);
INSERT INTO MedicosGeneraDiagnosticos (identificacion_medico, diagnostico_id) VALUES (148, 48);
INSERT INTO MedicosGeneraDiagnosticos (identificacion_medico, diagnostico_id) VALUES (149, 49);
INSERT INTO MedicosGeneraDiagnosticos (identificacion_medico, diagnostico_id) VALUES (150, 50);



INSERT INTO DiagnosticoAsignaMedicamentos (id_medicamentos, diagnostico_id) VALUES (1, 1);
INSERT INTO DiagnosticoAsignaMedicamentos (id_medicamentos, diagnostico_id) VALUES (2, 2);
INSERT INTO DiagnosticoAsignaMedicamentos (id_medicamentos, diagnostico_id) VALUES (3, 3);
INSERT INTO DiagnosticoAsignaMedicamentos (id_medicamentos, diagnostico_id) VALUES (4, 4);
INSERT INTO DiagnosticoAsignaMedicamentos (id_medicamentos, diagnostico_id) VALUES (5, 5);
INSERT INTO DiagnosticoAsignaMedicamentos (id_medicamentos, diagnostico_id) VALUES (6, 6);
INSERT INTO DiagnosticoAsignaMedicamentos (id_medicamentos, diagnostico_id) VALUES (7, 7);
INSERT INTO DiagnosticoAsignaMedicamentos (id_medicamentos, diagnostico_id) VALUES (8, 8);
INSERT INTO DiagnosticoAsignaMedicamentos (id_medicamentos, diagnostico_id) VALUES (9, 9);
INSERT INTO DiagnosticoAsignaMedicamentos (id_medicamentos, diagnostico_id) VALUES (10, 10);
INSERT INTO DiagnosticoAsignaMedicamentos (id_medicamentos, diagnostico_id) VALUES (11, 11);
INSERT INTO DiagnosticoAsignaMedicamentos (id_medicamentos, diagnostico_id) VALUES (12, 12);
INSERT INTO DiagnosticoAsignaMedicamentos (id_medicamentos, diagnostico_id) VALUES (13, 13);
INSERT INTO DiagnosticoAsignaMedicamentos (id_medicamentos, diagnostico_id) VALUES (14, 14);
INSERT INTO DiagnosticoAsignaMedicamentos (id_medicamentos, diagnostico_id) VALUES (15, 15);
INSERT INTO DiagnosticoAsignaMedicamentos (id_medicamentos, diagnostico_id) VALUES (16, 16);
INSERT INTO DiagnosticoAsignaMedicamentos (id_medicamentos, diagnostico_id) VALUES (17, 17);
INSERT INTO DiagnosticoAsignaMedicamentos (id_medicamentos, diagnostico_id) VALUES (18, 18);
INSERT INTO DiagnosticoAsignaMedicamentos (id_medicamentos, diagnostico_id) VALUES (19, 19);
INSERT INTO DiagnosticoAsignaMedicamentos (id_medicamentos, diagnostico_id) VALUES (20, 20);
INSERT INTO DiagnosticoAsignaMedicamentos (id_medicamentos, diagnostico_id) VALUES (21, 21);
INSERT INTO DiagnosticoAsignaMedicamentos (id_medicamentos, diagnostico_id) VALUES (22, 22);
INSERT INTO DiagnosticoAsignaMedicamentos (id_medicamentos, diagnostico_id) VALUES (23, 23);
INSERT INTO DiagnosticoAsignaMedicamentos (id_medicamentos, diagnostico_id) VALUES (24, 24);
INSERT INTO DiagnosticoAsignaMedicamentos (id_medicamentos, diagnostico_id) VALUES (25, 25);
INSERT INTO DiagnosticoAsignaMedicamentos (id_medicamentos, diagnostico_id) VALUES (26, 26);
INSERT INTO DiagnosticoAsignaMedicamentos (id_medicamentos, diagnostico_id) VALUES (27, 27);
INSERT INTO DiagnosticoAsignaMedicamentos (id_medicamentos, diagnostico_id) VALUES (28, 28);
INSERT INTO DiagnosticoAsignaMedicamentos (id_medicamentos, diagnostico_id) VALUES (29, 29);
INSERT INTO DiagnosticoAsignaMedicamentos (id_medicamentos, diagnostico_id) VALUES (30, 30);
INSERT INTO DiagnosticoAsignaMedicamentos (id_medicamentos, diagnostico_id) VALUES (31, 31);
INSERT INTO DiagnosticoAsignaMedicamentos (id_medicamentos, diagnostico_id) VALUES (32, 32);
INSERT INTO DiagnosticoAsignaMedicamentos (id_medicamentos, diagnostico_id) VALUES (33, 33);
INSERT INTO DiagnosticoAsignaMedicamentos (id_medicamentos, diagnostico_id) VALUES (34, 34);
INSERT INTO DiagnosticoAsignaMedicamentos (id_medicamentos, diagnostico_id) VALUES (35, 35);
INSERT INTO DiagnosticoAsignaMedicamentos (id_medicamentos, diagnostico_id) VALUES (36, 36);
INSERT INTO DiagnosticoAsignaMedicamentos (id_medicamentos, diagnostico_id) VALUES (37, 37);
INSERT INTO DiagnosticoAsignaMedicamentos (id_medicamentos, diagnostico_id) VALUES (38, 38);
INSERT INTO DiagnosticoAsignaMedicamentos (id_medicamentos, diagnostico_id) VALUES (39, 39);
INSERT INTO DiagnosticoAsignaMedicamentos (id_medicamentos, diagnostico_id) VALUES (40, 40);
INSERT INTO DiagnosticoAsignaMedicamentos (id_medicamentos, diagnostico_id) VALUES (41, 41);
INSERT INTO DiagnosticoAsignaMedicamentos (id_medicamentos, diagnostico_id) VALUES (42, 42);
INSERT INTO DiagnosticoAsignaMedicamentos (id_medicamentos, diagnostico_id) VALUES (43, 43);
INSERT INTO DiagnosticoAsignaMedicamentos (id_medicamentos, diagnostico_id) VALUES (44, 44);
INSERT INTO DiagnosticoAsignaMedicamentos (id_medicamentos, diagnostico_id) VALUES (45, 45);
INSERT INTO DiagnosticoAsignaMedicamentos (id_medicamentos, diagnostico_id) VALUES (46, 46);
INSERT INTO DiagnosticoAsignaMedicamentos (id_medicamentos, diagnostico_id) VALUES (47, 47);
INSERT INTO DiagnosticoAsignaMedicamentos (id_medicamentos, diagnostico_id) VALUES (48, 48);
INSERT INTO DiagnosticoAsignaMedicamentos (id_medicamentos, diagnostico_id) VALUES (49, 49);
INSERT INTO DiagnosticoAsignaMedicamentos (id_medicamentos, diagnostico_id) VALUES (50, 50);



INSERT INTO PacientePideMedicamentos (id_paciente, id_medicamentos) VALUES (1, 1);
INSERT INTO PacientePideMedicamentos (id_paciente, id_medicamentos) VALUES (2, 2);
INSERT INTO PacientePideMedicamentos (id_paciente, id_medicamentos) VALUES (3, 3);
INSERT INTO PacientePideMedicamentos (id_paciente, id_medicamentos) VALUES (4, 4);
INSERT INTO PacientePideMedicamentos (id_paciente, id_medicamentos) VALUES (5, 5);
INSERT INTO PacientePideMedicamentos (id_paciente, id_medicamentos) VALUES (6, 6);
INSERT INTO PacientePideMedicamentos (id_paciente, id_medicamentos) VALUES (7, 7);
INSERT INTO PacientePideMedicamentos (id_paciente, id_medicamentos) VALUES (8, 8);
INSERT INTO PacientePideMedicamentos (id_paciente, id_medicamentos) VALUES (9, 9);
INSERT INTO PacientePideMedicamentos (id_paciente, id_medicamentos) VALUES (10, 10);
INSERT INTO PacientePideMedicamentos (id_paciente, id_medicamentos) VALUES (11, 11);
INSERT INTO PacientePideMedicamentos (id_paciente, id_medicamentos) VALUES (12, 12);
INSERT INTO PacientePideMedicamentos (id_paciente, id_medicamentos) VALUES (13, 13);
INSERT INTO PacientePideMedicamentos (id_paciente, id_medicamentos) VALUES (14, 14);
INSERT INTO PacientePideMedicamentos (id_paciente, id_medicamentos) VALUES (15, 15);
INSERT INTO PacientePideMedicamentos (id_paciente, id_medicamentos) VALUES (16, 16);
INSERT INTO PacientePideMedicamentos (id_paciente, id_medicamentos) VALUES (17, 17);
INSERT INTO PacientePideMedicamentos (id_paciente, id_medicamentos) VALUES (18, 18);
INSERT INTO PacientePideMedicamentos (id_paciente, id_medicamentos) VALUES (19, 19);
INSERT INTO PacientePideMedicamentos (id_paciente, id_medicamentos) VALUES (20, 20);
INSERT INTO PacientePideMedicamentos (id_paciente, id_medicamentos) VALUES (21, 21);
INSERT INTO PacientePideMedicamentos (id_paciente, id_medicamentos) VALUES (22, 22);
INSERT INTO PacientePideMedicamentos (id_paciente, id_medicamentos) VALUES (23, 23);
INSERT INTO PacientePideMedicamentos (id_paciente, id_medicamentos) VALUES (24, 24);
INSERT INTO PacientePideMedicamentos (id_paciente, id_medicamentos) VALUES (25, 25);
INSERT INTO PacientePideMedicamentos (id_paciente, id_medicamentos) VALUES (26, 26);
INSERT INTO PacientePideMedicamentos (id_paciente, id_medicamentos) VALUES (27, 27);
INSERT INTO PacientePideMedicamentos (id_paciente, id_medicamentos) VALUES (28, 28);
INSERT INTO PacientePideMedicamentos (id_paciente, id_medicamentos) VALUES (29, 29);
INSERT INTO PacientePideMedicamentos (id_paciente, id_medicamentos) VALUES (30, 30);
INSERT INTO PacientePideMedicamentos (id_paciente, id_medicamentos) VALUES (31, 31);
INSERT INTO PacientePideMedicamentos (id_paciente, id_medicamentos) VALUES (32, 32);
INSERT INTO PacientePideMedicamentos (id_paciente, id_medicamentos) VALUES (33, 33);
INSERT INTO PacientePideMedicamentos (id_paciente, id_medicamentos) VALUES (34, 34);
INSERT INTO PacientePideMedicamentos (id_paciente, id_medicamentos) VALUES (35, 35);
INSERT INTO PacientePideMedicamentos (id_paciente, id_medicamentos) VALUES (36, 36);
INSERT INTO PacientePideMedicamentos (id_paciente, id_medicamentos) VALUES (37, 37);
INSERT INTO PacientePideMedicamentos (id_paciente, id_medicamentos) VALUES (38, 38);
INSERT INTO PacientePideMedicamentos (id_paciente, id_medicamentos) VALUES (39, 39);
INSERT INTO PacientePideMedicamentos (id_paciente, id_medicamentos) VALUES (40, 40);
INSERT INTO PacientePideMedicamentos (id_paciente, id_medicamentos) VALUES (41, 41);
INSERT INTO PacientePideMedicamentos (id_paciente, id_medicamentos) VALUES (42, 42);
INSERT INTO PacientePideMedicamentos (id_paciente, id_medicamentos) VALUES (43, 43);
INSERT INTO PacientePideMedicamentos (id_paciente, id_medicamentos) VALUES (44, 44);
INSERT INTO PacientePideMedicamentos (id_paciente, id_medicamentos) VALUES (45, 45);
INSERT INTO PacientePideMedicamentos (id_paciente, id_medicamentos) VALUES (46, 46);
INSERT INTO PacientePideMedicamentos (id_paciente, id_medicamentos) VALUES (47, 47);
INSERT INTO PacientePideMedicamentos (id_paciente, id_medicamentos) VALUES (48, 48);
INSERT INTO PacientePideMedicamentos (id_paciente, id_medicamentos) VALUES (49, 49);
INSERT INTO PacientePideMedicamentos (id_paciente, id_medicamentos) VALUES (50, 50);



INSERT INTO PacientePidePruebasLaboratorio (id_paciente, id_prueba_laboratorio) VALUES (1, 10001);
INSERT INTO PacientePidePruebasLaboratorio (id_paciente, id_prueba_laboratorio) VALUES (2, 10002);
INSERT INTO PacientePidePruebasLaboratorio (id_paciente, id_prueba_laboratorio) VALUES (3, 10003);
INSERT INTO PacientePidePruebasLaboratorio (id_paciente, id_prueba_laboratorio) VALUES (4, 10004);
INSERT INTO PacientePidePruebasLaboratorio (id_paciente, id_prueba_laboratorio) VALUES (5, 10005);
INSERT INTO PacientePidePruebasLaboratorio (id_paciente, id_prueba_laboratorio) VALUES (6, 10006);
INSERT INTO PacientePidePruebasLaboratorio (id_paciente, id_prueba_laboratorio) VALUES (7, 10007);
INSERT INTO PacientePidePruebasLaboratorio (id_paciente, id_prueba_laboratorio) VALUES (8, 10008);
INSERT INTO PacientePidePruebasLaboratorio (id_paciente, id_prueba_laboratorio) VALUES (9, 10009);
INSERT INTO PacientePidePruebasLaboratorio (id_paciente, id_prueba_laboratorio) VALUES (10, 10010);
INSERT INTO PacientePidePruebasLaboratorio (id_paciente, id_prueba_laboratorio) VALUES (11, 10011);
INSERT INTO PacientePidePruebasLaboratorio (id_paciente, id_prueba_laboratorio) VALUES (12, 10012);
INSERT INTO PacientePidePruebasLaboratorio (id_paciente, id_prueba_laboratorio) VALUES (13, 10013);
INSERT INTO PacientePidePruebasLaboratorio (id_paciente, id_prueba_laboratorio) VALUES (14, 10014);
INSERT INTO PacientePidePruebasLaboratorio (id_paciente, id_prueba_laboratorio) VALUES (15, 10015);
INSERT INTO PacientePidePruebasLaboratorio (id_paciente, id_prueba_laboratorio) VALUES (16, 10016);
INSERT INTO PacientePidePruebasLaboratorio (id_paciente, id_prueba_laboratorio) VALUES (17, 10017);
INSERT INTO PacientePidePruebasLaboratorio (id_paciente, id_prueba_laboratorio) VALUES (18, 10018);
INSERT INTO PacientePidePruebasLaboratorio (id_paciente, id_prueba_laboratorio) VALUES (19, 10019);
INSERT INTO PacientePidePruebasLaboratorio (id_paciente, id_prueba_laboratorio) VALUES (20, 10020);
INSERT INTO PacientePidePruebasLaboratorio (id_paciente, id_prueba_laboratorio) VALUES (21, 10021);
INSERT INTO PacientePidePruebasLaboratorio (id_paciente, id_prueba_laboratorio) VALUES (22, 10022);
INSERT INTO PacientePidePruebasLaboratorio (id_paciente, id_prueba_laboratorio) VALUES (23, 10023);
INSERT INTO PacientePidePruebasLaboratorio (id_paciente, id_prueba_laboratorio) VALUES (24, 10024);
INSERT INTO PacientePidePruebasLaboratorio (id_paciente, id_prueba_laboratorio) VALUES (25, 10025);
INSERT INTO PacientePidePruebasLaboratorio (id_paciente, id_prueba_laboratorio) VALUES (26, 10026);
INSERT INTO PacientePidePruebasLaboratorio (id_paciente, id_prueba_laboratorio) VALUES (27, 10027);
INSERT INTO PacientePidePruebasLaboratorio (id_paciente, id_prueba_laboratorio) VALUES (28, 10028);
INSERT INTO PacientePidePruebasLaboratorio (id_paciente, id_prueba_laboratorio) VALUES (29, 10029);
INSERT INTO PacientePidePruebasLaboratorio (id_paciente, id_prueba_laboratorio) VALUES (30, 10030);
INSERT INTO PacientePidePruebasLaboratorio (id_paciente, id_prueba_laboratorio) VALUES (31, 10031);
INSERT INTO PacientePidePruebasLaboratorio (id_paciente, id_prueba_laboratorio) VALUES (32, 10032);
INSERT INTO PacientePidePruebasLaboratorio (id_paciente, id_prueba_laboratorio) VALUES (33, 10033);
INSERT INTO PacientePidePruebasLaboratorio (id_paciente, id_prueba_laboratorio) VALUES (34, 10034);
INSERT INTO PacientePidePruebasLaboratorio (id_paciente, id_prueba_laboratorio) VALUES (35, 10035);
INSERT INTO PacientePidePruebasLaboratorio (id_paciente, id_prueba_laboratorio) VALUES (36, 10036);
INSERT INTO PacientePidePruebasLaboratorio (id_paciente, id_prueba_laboratorio) VALUES (37, 10037);
INSERT INTO PacientePidePruebasLaboratorio (id_paciente, id_prueba_laboratorio) VALUES (38, 10038);
INSERT INTO PacientePidePruebasLaboratorio (id_paciente, id_prueba_laboratorio) VALUES (39, 10039);
INSERT INTO PacientePidePruebasLaboratorio (id_paciente, id_prueba_laboratorio) VALUES (40, 10040);
INSERT INTO PacientePidePruebasLaboratorio (id_paciente, id_prueba_laboratorio) VALUES (41, 10041);
INSERT INTO PacientePidePruebasLaboratorio (id_paciente, id_prueba_laboratorio) VALUES (42, 10042);
INSERT INTO PacientePidePruebasLaboratorio (id_paciente, id_prueba_laboratorio) VALUES (43, 10043);
INSERT INTO PacientePidePruebasLaboratorio (id_paciente, id_prueba_laboratorio) VALUES (44, 10044);
INSERT INTO PacientePidePruebasLaboratorio (id_paciente, id_prueba_laboratorio) VALUES (45, 10045);
INSERT INTO PacientePidePruebasLaboratorio (id_paciente, id_prueba_laboratorio) VALUES (46, 10046);
INSERT INTO PacientePidePruebasLaboratorio (id_paciente, id_prueba_laboratorio) VALUES (47, 10047);
INSERT INTO PacientePidePruebasLaboratorio (id_paciente, id_prueba_laboratorio) VALUES (48, 10048);
INSERT INTO PacientePidePruebasLaboratorio (id_paciente, id_prueba_laboratorio) VALUES (49, 10049);
INSERT INTO PacientePidePruebasLaboratorio (id_paciente, id_prueba_laboratorio) VALUES (50, 10050);



INSERT INTO JefesLaboratoriosRegistraResultadoPruebas (id_resultado, id_jefe) VALUES (8001, 1);
INSERT INTO JefesLaboratoriosRegistraResultadoPruebas (id_resultado, id_jefe) VALUES (8002, 2);
INSERT INTO JefesLaboratoriosRegistraResultadoPruebas (id_resultado, id_jefe) VALUES (8003, 3);
INSERT INTO JefesLaboratoriosRegistraResultadoPruebas (id_resultado, id_jefe) VALUES (8004, 4);
INSERT INTO JefesLaboratoriosRegistraResultadoPruebas (id_resultado, id_jefe) VALUES (8005, 5);
INSERT INTO JefesLaboratoriosRegistraResultadoPruebas (id_resultado, id_jefe) VALUES (8006, 6);
INSERT INTO JefesLaboratoriosRegistraResultadoPruebas (id_resultado, id_jefe) VALUES (8007, 7);
INSERT INTO JefesLaboratoriosRegistraResultadoPruebas (id_resultado, id_jefe) VALUES (8008, 8);
INSERT INTO JefesLaboratoriosRegistraResultadoPruebas (id_resultado, id_jefe) VALUES (8009, 9);
INSERT INTO JefesLaboratoriosRegistraResultadoPruebas (id_resultado, id_jefe) VALUES (8010, 10);
INSERT INTO JefesLaboratoriosRegistraResultadoPruebas (id_resultado, id_jefe) VALUES (8011, 11);
INSERT INTO JefesLaboratoriosRegistraResultadoPruebas (id_resultado, id_jefe) VALUES (8012, 12);
INSERT INTO JefesLaboratoriosRegistraResultadoPruebas (id_resultado, id_jefe) VALUES (8013, 13);
INSERT INTO JefesLaboratoriosRegistraResultadoPruebas (id_resultado, id_jefe) VALUES (8014, 14);
INSERT INTO JefesLaboratoriosRegistraResultadoPruebas (id_resultado, id_jefe) VALUES (8015, 15);
INSERT INTO JefesLaboratoriosRegistraResultadoPruebas (id_resultado, id_jefe) VALUES (8016, 16);
INSERT INTO JefesLaboratoriosRegistraResultadoPruebas (id_resultado, id_jefe) VALUES (8017, 17);
INSERT INTO JefesLaboratoriosRegistraResultadoPruebas (id_resultado, id_jefe) VALUES (8018, 18);
INSERT INTO JefesLaboratoriosRegistraResultadoPruebas (id_resultado, id_jefe) VALUES (8019, 19);
INSERT INTO JefesLaboratoriosRegistraResultadoPruebas (id_resultado, id_jefe) VALUES (8020, 20);
INSERT INTO JefesLaboratoriosRegistraResultadoPruebas (id_resultado, id_jefe) VALUES (8021, 21);
INSERT INTO JefesLaboratoriosRegistraResultadoPruebas (id_resultado, id_jefe) VALUES (8022, 22);
INSERT INTO JefesLaboratoriosRegistraResultadoPruebas (id_resultado, id_jefe) VALUES (8023, 23);
INSERT INTO JefesLaboratoriosRegistraResultadoPruebas (id_resultado, id_jefe) VALUES (8024, 24);
INSERT INTO JefesLaboratoriosRegistraResultadoPruebas (id_resultado, id_jefe) VALUES (8025, 25);
INSERT INTO JefesLaboratoriosRegistraResultadoPruebas (id_resultado, id_jefe) VALUES (8026, 26);
INSERT INTO JefesLaboratoriosRegistraResultadoPruebas (id_resultado, id_jefe) VALUES (8027, 27);
INSERT INTO JefesLaboratoriosRegistraResultadoPruebas (id_resultado, id_jefe) VALUES (8028, 28);
INSERT INTO JefesLaboratoriosRegistraResultadoPruebas (id_resultado, id_jefe) VALUES (8029, 29);
INSERT INTO JefesLaboratoriosRegistraResultadoPruebas (id_resultado, id_jefe) VALUES (8030, 30);
INSERT INTO JefesLaboratoriosRegistraResultadoPruebas (id_resultado, id_jefe) VALUES (8031, 31);
INSERT INTO JefesLaboratoriosRegistraResultadoPruebas (id_resultado, id_jefe) VALUES (8032, 32);
INSERT INTO JefesLaboratoriosRegistraResultadoPruebas (id_resultado, id_jefe) VALUES (8033, 33);
INSERT INTO JefesLaboratoriosRegistraResultadoPruebas (id_resultado, id_jefe) VALUES (8034, 34);
INSERT INTO JefesLaboratoriosRegistraResultadoPruebas (id_resultado, id_jefe) VALUES (8035, 35);
INSERT INTO JefesLaboratoriosRegistraResultadoPruebas (id_resultado, id_jefe) VALUES (8036, 36);
INSERT INTO JefesLaboratoriosRegistraResultadoPruebas (id_resultado, id_jefe) VALUES (8037, 37);
INSERT INTO JefesLaboratoriosRegistraResultadoPruebas (id_resultado, id_jefe) VALUES (8038, 38);
INSERT INTO JefesLaboratoriosRegistraResultadoPruebas (id_resultado, id_jefe) VALUES (8039, 39);
INSERT INTO JefesLaboratoriosRegistraResultadoPruebas (id_resultado, id_jefe) VALUES (8040, 40);
INSERT INTO JefesLaboratoriosRegistraResultadoPruebas (id_resultado, id_jefe) VALUES (8041, 41);
INSERT INTO JefesLaboratoriosRegistraResultadoPruebas (id_resultado, id_jefe) VALUES (8042, 42);
INSERT INTO JefesLaboratoriosRegistraResultadoPruebas (id_resultado, id_jefe) VALUES (8043, 43);
INSERT INTO JefesLaboratoriosRegistraResultadoPruebas (id_resultado, id_jefe) VALUES (8044, 44);
INSERT INTO JefesLaboratoriosRegistraResultadoPruebas (id_resultado, id_jefe) VALUES (8045, 45);
INSERT INTO JefesLaboratoriosRegistraResultadoPruebas (id_resultado, id_jefe) VALUES (8046, 46);
INSERT INTO JefesLaboratoriosRegistraResultadoPruebas (id_resultado, id_jefe) VALUES (8047, 47);
INSERT INTO JefesLaboratoriosRegistraResultadoPruebas (id_resultado, id_jefe) VALUES (8048, 48);
INSERT INTO JefesLaboratoriosRegistraResultadoPruebas (id_resultado, id_jefe) VALUES (8049, 49);
INSERT INTO JefesLaboratoriosRegistraResultadoPruebas (id_resultado, id_jefe) VALUES (8050, 50);




INSERT INTO MedicosResultadoPruebas (id_resultado, identificacion) VALUES (8001, 101);
INSERT INTO MedicosResultadoPruebas (id_resultado, identificacion) VALUES (8002, 102);
INSERT INTO MedicosResultadoPruebas (id_resultado, identificacion) VALUES (8003, 103);
INSERT INTO MedicosResultadoPruebas (id_resultado, identificacion) VALUES (8004, 104);
INSERT INTO MedicosResultadoPruebas (id_resultado, identificacion) VALUES (8005, 105);
INSERT INTO MedicosResultadoPruebas (id_resultado, identificacion) VALUES (8006, 106);
INSERT INTO MedicosResultadoPruebas (id_resultado, identificacion) VALUES (8007, 107);
INSERT INTO MedicosResultadoPruebas (id_resultado, identificacion) VALUES (8008, 108);
INSERT INTO MedicosResultadoPruebas (id_resultado, identificacion) VALUES (8009, 109);
INSERT INTO MedicosResultadoPruebas (id_resultado, identificacion) VALUES (8010, 110);
INSERT INTO MedicosResultadoPruebas (id_resultado, identificacion) VALUES (8011, 111);
INSERT INTO MedicosResultadoPruebas (id_resultado, identificacion) VALUES (8012, 112);
INSERT INTO MedicosResultadoPruebas (id_resultado, identificacion) VALUES (8013, 113);
INSERT INTO MedicosResultadoPruebas (id_resultado, identificacion) VALUES (8014, 114);
INSERT INTO MedicosResultadoPruebas (id_resultado, identificacion) VALUES (8015, 115);
INSERT INTO MedicosResultadoPruebas (id_resultado, identificacion) VALUES (8016, 116);
INSERT INTO MedicosResultadoPruebas (id_resultado, identificacion) VALUES (8017, 117);
INSERT INTO MedicosResultadoPruebas (id_resultado, identificacion) VALUES (8018, 118);
INSERT INTO MedicosResultadoPruebas (id_resultado, identificacion) VALUES (8019, 119);
INSERT INTO MedicosResultadoPruebas (id_resultado, identificacion) VALUES (8020, 120);
INSERT INTO MedicosResultadoPruebas (id_resultado, identificacion) VALUES (8021, 121);
INSERT INTO MedicosResultadoPruebas (id_resultado, identificacion) VALUES (8022, 122);
INSERT INTO MedicosResultadoPruebas (id_resultado, identificacion) VALUES (8023, 123);
INSERT INTO MedicosResultadoPruebas (id_resultado, identificacion) VALUES (8024, 124);
INSERT INTO MedicosResultadoPruebas (id_resultado, identificacion) VALUES (8025, 125);
INSERT INTO MedicosResultadoPruebas (id_resultado, identificacion) VALUES (8026, 126);
INSERT INTO MedicosResultadoPruebas (id_resultado, identificacion) VALUES (8027, 127);
INSERT INTO MedicosResultadoPruebas (id_resultado, identificacion) VALUES (8028, 128);
INSERT INTO MedicosResultadoPruebas (id_resultado, identificacion) VALUES (8029, 129);
INSERT INTO MedicosResultadoPruebas (id_resultado, identificacion) VALUES (8030, 130);
INSERT INTO MedicosResultadoPruebas (id_resultado, identificacion) VALUES (8031, 131);
INSERT INTO MedicosResultadoPruebas (id_resultado, identificacion) VALUES (8032, 132);
INSERT INTO MedicosResultadoPruebas (id_resultado, identificacion) VALUES (8033, 133);
INSERT INTO MedicosResultadoPruebas (id_resultado, identificacion) VALUES (8034, 134);
INSERT INTO MedicosResultadoPruebas (id_resultado, identificacion) VALUES (8035, 135);
INSERT INTO MedicosResultadoPruebas (id_resultado, identificacion) VALUES (8036, 136);
INSERT INTO MedicosResultadoPruebas (id_resultado, identificacion) VALUES (8037, 137);
INSERT INTO MedicosResultadoPruebas (id_resultado, identificacion) VALUES (8038, 138);
INSERT INTO MedicosResultadoPruebas (id_resultado, identificacion) VALUES (8039, 139);
INSERT INTO MedicosResultadoPruebas (id_resultado, identificacion) VALUES (8040, 140);
INSERT INTO MedicosResultadoPruebas (id_resultado, identificacion) VALUES (8041, 141);
INSERT INTO MedicosResultadoPruebas (id_resultado, identificacion) VALUES (8042, 142);
INSERT INTO MedicosResultadoPruebas (id_resultado, identificacion) VALUES (8043, 143);
INSERT INTO MedicosResultadoPruebas (id_resultado, identificacion) VALUES (8044, 144);
INSERT INTO MedicosResultadoPruebas (id_resultado, identificacion) VALUES (8045, 145);
INSERT INTO MedicosResultadoPruebas (id_resultado, identificacion) VALUES (8046, 146);
INSERT INTO MedicosResultadoPruebas (id_resultado, identificacion) VALUES (8047, 147);
INSERT INTO MedicosResultadoPruebas (id_resultado, identificacion) VALUES (8048, 148);
INSERT INTO MedicosResultadoPruebas (id_resultado, identificacion) VALUES (8049, 149);
INSERT INTO MedicosResultadoPruebas (id_resultado, identificacion) VALUES (8050, 150);


INSERT INTO MedioComunicacionEnviaNotificacion (id_notificacion, id_medio) VALUES (9001, 1);
INSERT INTO MedioComunicacionEnviaNotificacion (id_notificacion, id_medio) VALUES (9002, 2);
INSERT INTO MedioComunicacionEnviaNotificacion (id_notificacion, id_medio) VALUES (9003, 3);
INSERT INTO MedioComunicacionEnviaNotificacion (id_notificacion, id_medio) VALUES (9004, 4);
INSERT INTO MedioComunicacionEnviaNotificacion (id_notificacion, id_medio) VALUES (9005, 5);
INSERT INTO MedioComunicacionEnviaNotificacion (id_notificacion, id_medio) VALUES (9006, 6);
INSERT INTO MedioComunicacionEnviaNotificacion (id_notificacion, id_medio) VALUES (9007, 7);
INSERT INTO MedioComunicacionEnviaNotificacion (id_notificacion, id_medio) VALUES (9008, 8);
INSERT INTO MedioComunicacionEnviaNotificacion (id_notificacion, id_medio) VALUES (9009, 9);
INSERT INTO MedioComunicacionEnviaNotificacion (id_notificacion, id_medio) VALUES (9010, 10);
INSERT INTO MedioComunicacionEnviaNotificacion (id_notificacion, id_medio) VALUES (9011, 11);
INSERT INTO MedioComunicacionEnviaNotificacion (id_notificacion, id_medio) VALUES (9012, 12);
INSERT INTO MedioComunicacionEnviaNotificacion (id_notificacion, id_medio) VALUES (9013, 13);
INSERT INTO MedioComunicacionEnviaNotificacion (id_notificacion, id_medio) VALUES (9014, 14);
INSERT INTO MedioComunicacionEnviaNotificacion (id_notificacion, id_medio) VALUES (9015, 15);
INSERT INTO MedioComunicacionEnviaNotificacion (id_notificacion, id_medio) VALUES (9016, 16);
INSERT INTO MedioComunicacionEnviaNotificacion (id_notificacion, id_medio) VALUES (9017, 17);
INSERT INTO MedioComunicacionEnviaNotificacion (id_notificacion, id_medio) VALUES (9018, 18);
INSERT INTO MedioComunicacionEnviaNotificacion (id_notificacion, id_medio) VALUES (9019, 19);
INSERT INTO MedioComunicacionEnviaNotificacion (id_notificacion, id_medio) VALUES (9020, 20);
INSERT INTO MedioComunicacionEnviaNotificacion (id_notificacion, id_medio) VALUES (9021, 21);
INSERT INTO MedioComunicacionEnviaNotificacion (id_notificacion, id_medio) VALUES (9022, 22);
INSERT INTO MedioComunicacionEnviaNotificacion (id_notificacion, id_medio) VALUES (9023, 23);
INSERT INTO MedioComunicacionEnviaNotificacion (id_notificacion, id_medio) VALUES (9024, 24);
INSERT INTO MedioComunicacionEnviaNotificacion (id_notificacion, id_medio) VALUES (9025, 25);
INSERT INTO MedioComunicacionEnviaNotificacion (id_notificacion, id_medio) VALUES (9026, 26);
INSERT INTO MedioComunicacionEnviaNotificacion (id_notificacion, id_medio) VALUES (9027, 27);
INSERT INTO MedioComunicacionEnviaNotificacion (id_notificacion, id_medio) VALUES (9028, 28);
INSERT INTO MedioComunicacionEnviaNotificacion (id_notificacion, id_medio) VALUES (9029, 29);
INSERT INTO MedioComunicacionEnviaNotificacion (id_notificacion, id_medio) VALUES (9030, 30);
INSERT INTO MedioComunicacionEnviaNotificacion (id_notificacion, id_medio) VALUES (9031, 31);
INSERT INTO MedioComunicacionEnviaNotificacion (id_notificacion, id_medio) VALUES (9032, 32);
INSERT INTO MedioComunicacionEnviaNotificacion (id_notificacion, id_medio) VALUES (9033, 33);
INSERT INTO MedioComunicacionEnviaNotificacion (id_notificacion, id_medio) VALUES (9034, 34);
INSERT INTO MedioComunicacionEnviaNotificacion (id_notificacion, id_medio) VALUES (9035, 35);
INSERT INTO MedioComunicacionEnviaNotificacion (id_notificacion, id_medio) VALUES (9036, 36);
INSERT INTO MedioComunicacionEnviaNotificacion (id_notificacion, id_medio) VALUES (9037, 37);
INSERT INTO MedioComunicacionEnviaNotificacion (id_notificacion, id_medio) VALUES (9038, 38);
INSERT INTO MedioComunicacionEnviaNotificacion (id_notificacion, id_medio) VALUES (9039, 39);
INSERT INTO MedioComunicacionEnviaNotificacion (id_notificacion, id_medio) VALUES (9040, 40);
INSERT INTO MedioComunicacionEnviaNotificacion (id_notificacion, id_medio) VALUES (9041, 41);
INSERT INTO MedioComunicacionEnviaNotificacion (id_notificacion, id_medio) VALUES (9042, 42);
INSERT INTO MedioComunicacionEnviaNotificacion (id_notificacion, id_medio) VALUES (9043, 43);
INSERT INTO MedioComunicacionEnviaNotificacion (id_notificacion, id_medio) VALUES (9044, 44);
INSERT INTO MedioComunicacionEnviaNotificacion (id_notificacion, id_medio) VALUES (9045, 45);
INSERT INTO MedioComunicacionEnviaNotificacion (id_notificacion, id_medio) VALUES (9046, 46);
INSERT INTO MedioComunicacionEnviaNotificacion (id_notificacion, id_medio) VALUES (9047, 47);
INSERT INTO MedioComunicacionEnviaNotificacion (id_notificacion, id_medio) VALUES (9048, 48);
INSERT INTO MedioComunicacionEnviaNotificacion (id_notificacion, id_medio) VALUES (9049, 49);
INSERT INTO MedioComunicacionEnviaNotificacion (id_notificacion, id_medio) VALUES (9050, 50);



INSERT INTO PruebasLaboratorioJefeLaboratorio (id_prueba, id_jefe) VALUES (10001, 1);
INSERT INTO PruebasLaboratorioJefeLaboratorio (id_prueba, id_jefe) VALUES (10002, 2);
INSERT INTO PruebasLaboratorioJefeLaboratorio (id_prueba, id_jefe) VALUES (10003, 3);
INSERT INTO PruebasLaboratorioJefeLaboratorio (id_prueba, id_jefe) VALUES (10004, 4);
INSERT INTO PruebasLaboratorioJefeLaboratorio (id_prueba, id_jefe) VALUES (10005, 5);
INSERT INTO PruebasLaboratorioJefeLaboratorio (id_prueba, id_jefe) VALUES (10006, 6);
INSERT INTO PruebasLaboratorioJefeLaboratorio (id_prueba, id_jefe) VALUES (10007, 7);
INSERT INTO PruebasLaboratorioJefeLaboratorio (id_prueba, id_jefe) VALUES (10008, 8);
INSERT INTO PruebasLaboratorioJefeLaboratorio (id_prueba, id_jefe) VALUES (10009, 9);
INSERT INTO PruebasLaboratorioJefeLaboratorio (id_prueba, id_jefe) VALUES (10010, 10);
INSERT INTO PruebasLaboratorioJefeLaboratorio (id_prueba, id_jefe) VALUES (10011, 11);
INSERT INTO PruebasLaboratorioJefeLaboratorio (id_prueba, id_jefe) VALUES (10012, 12);
INSERT INTO PruebasLaboratorioJefeLaboratorio (id_prueba, id_jefe) VALUES (10013, 13);
INSERT INTO PruebasLaboratorioJefeLaboratorio (id_prueba, id_jefe) VALUES (10014, 14);
INSERT INTO PruebasLaboratorioJefeLaboratorio (id_prueba, id_jefe) VALUES (10015, 15);
INSERT INTO PruebasLaboratorioJefeLaboratorio (id_prueba, id_jefe) VALUES (10016, 16);
INSERT INTO PruebasLaboratorioJefeLaboratorio (id_prueba, id_jefe) VALUES (10017, 17);
INSERT INTO PruebasLaboratorioJefeLaboratorio (id_prueba, id_jefe) VALUES (10018, 18);
INSERT INTO PruebasLaboratorioJefeLaboratorio (id_prueba, id_jefe) VALUES (10019, 19);
INSERT INTO PruebasLaboratorioJefeLaboratorio (id_prueba, id_jefe) VALUES (10020, 20);
INSERT INTO PruebasLaboratorioJefeLaboratorio (id_prueba, id_jefe) VALUES (10021, 21);
INSERT INTO PruebasLaboratorioJefeLaboratorio (id_prueba, id_jefe) VALUES (10022, 22);
INSERT INTO PruebasLaboratorioJefeLaboratorio (id_prueba, id_jefe) VALUES (10023, 23);
INSERT INTO PruebasLaboratorioJefeLaboratorio (id_prueba, id_jefe) VALUES (10024, 24);
INSERT INTO PruebasLaboratorioJefeLaboratorio (id_prueba, id_jefe) VALUES (10025, 25);
INSERT INTO PruebasLaboratorioJefeLaboratorio (id_prueba, id_jefe) VALUES (10026, 26);
INSERT INTO PruebasLaboratorioJefeLaboratorio (id_prueba, id_jefe) VALUES (10027, 27);
INSERT INTO PruebasLaboratorioJefeLaboratorio (id_prueba, id_jefe) VALUES (10028, 28);
INSERT INTO PruebasLaboratorioJefeLaboratorio (id_prueba, id_jefe) VALUES (10029, 29);
INSERT INTO PruebasLaboratorioJefeLaboratorio (id_prueba, id_jefe) VALUES (10030, 30);
INSERT INTO PruebasLaboratorioJefeLaboratorio (id_prueba, id_jefe) VALUES (10031, 31);
INSERT INTO PruebasLaboratorioJefeLaboratorio (id_prueba, id_jefe) VALUES (10032, 32);
INSERT INTO PruebasLaboratorioJefeLaboratorio (id_prueba, id_jefe) VALUES (10033, 33);
INSERT INTO PruebasLaboratorioJefeLaboratorio (id_prueba, id_jefe) VALUES (10034, 34);
INSERT INTO PruebasLaboratorioJefeLaboratorio (id_prueba, id_jefe) VALUES (10035, 35);
INSERT INTO PruebasLaboratorioJefeLaboratorio (id_prueba, id_jefe) VALUES (10036, 36);
INSERT INTO PruebasLaboratorioJefeLaboratorio (id_prueba, id_jefe) VALUES (10037, 37);
INSERT INTO PruebasLaboratorioJefeLaboratorio (id_prueba, id_jefe) VALUES (10038, 38);
INSERT INTO PruebasLaboratorioJefeLaboratorio (id_prueba, id_jefe) VALUES (10039, 39);
INSERT INTO PruebasLaboratorioJefeLaboratorio (id_prueba, id_jefe) VALUES (10040, 40);
INSERT INTO PruebasLaboratorioJefeLaboratorio (id_prueba, id_jefe) VALUES (10041, 41);
INSERT INTO PruebasLaboratorioJefeLaboratorio (id_prueba, id_jefe) VALUES (10042, 42);
INSERT INTO PruebasLaboratorioJefeLaboratorio (id_prueba, id_jefe) VALUES (10043, 43);
INSERT INTO PruebasLaboratorioJefeLaboratorio (id_prueba, id_jefe) VALUES (10044, 44);
INSERT INTO PruebasLaboratorioJefeLaboratorio (id_prueba, id_jefe) VALUES (10045, 45);
INSERT INTO PruebasLaboratorioJefeLaboratorio (id_prueba, id_jefe) VALUES (10046, 46);
INSERT INTO PruebasLaboratorioJefeLaboratorio (id_prueba, id_jefe) VALUES (10047, 47);
INSERT INTO PruebasLaboratorioJefeLaboratorio (id_prueba, id_jefe) VALUES (10048, 48);
INSERT INTO PruebasLaboratorioJefeLaboratorio (id_prueba, id_jefe) VALUES (10049, 49);
INSERT INTO PruebasLaboratorioJefeLaboratorio (id_prueba, id_jefe) VALUES (10050, 50);



INSERT INTO JefeLaboratorioOrganizaJornadasDeVacunacion (id_jefe, id_jornada) VALUES (1, 7001);
INSERT INTO JefeLaboratorioOrganizaJornadasDeVacunacion (id_jefe, id_jornada) VALUES (2, 7002);
INSERT INTO JefeLaboratorioOrganizaJornadasDeVacunacion (id_jefe, id_jornada) VALUES (3, 7003);
INSERT INTO JefeLaboratorioOrganizaJornadasDeVacunacion (id_jefe, id_jornada) VALUES (4, 7004);
INSERT INTO JefeLaboratorioOrganizaJornadasDeVacunacion (id_jefe, id_jornada) VALUES (5, 7005);
INSERT INTO JefeLaboratorioOrganizaJornadasDeVacunacion (id_jefe, id_jornada) VALUES (6, 7006);
INSERT INTO JefeLaboratorioOrganizaJornadasDeVacunacion (id_jefe, id_jornada) VALUES (7, 7007);
INSERT INTO JefeLaboratorioOrganizaJornadasDeVacunacion (id_jefe, id_jornada) VALUES (8, 7008);
INSERT INTO JefeLaboratorioOrganizaJornadasDeVacunacion (id_jefe, id_jornada) VALUES (9, 7009);
INSERT INTO JefeLaboratorioOrganizaJornadasDeVacunacion (id_jefe, id_jornada) VALUES (10, 7010);
INSERT INTO JefeLaboratorioOrganizaJornadasDeVacunacion (id_jefe, id_jornada) VALUES (11, 7011);
INSERT INTO JefeLaboratorioOrganizaJornadasDeVacunacion (id_jefe, id_jornada) VALUES (12, 7012);
INSERT INTO JefeLaboratorioOrganizaJornadasDeVacunacion (id_jefe, id_jornada) VALUES (13, 7013);
INSERT INTO JefeLaboratorioOrganizaJornadasDeVacunacion (id_jefe, id_jornada) VALUES (14, 7014);
INSERT INTO JefeLaboratorioOrganizaJornadasDeVacunacion (id_jefe, id_jornada) VALUES (15, 7015);
INSERT INTO JefeLaboratorioOrganizaJornadasDeVacunacion (id_jefe, id_jornada) VALUES (16, 7016);
INSERT INTO JefeLaboratorioOrganizaJornadasDeVacunacion (id_jefe, id_jornada) VALUES (17, 7017);
INSERT INTO JefeLaboratorioOrganizaJornadasDeVacunacion (id_jefe, id_jornada) VALUES (18, 7018);
INSERT INTO JefeLaboratorioOrganizaJornadasDeVacunacion (id_jefe, id_jornada) VALUES (19, 7019);
INSERT INTO JefeLaboratorioOrganizaJornadasDeVacunacion (id_jefe, id_jornada) VALUES (20, 7020);
INSERT INTO JefeLaboratorioOrganizaJornadasDeVacunacion (id_jefe, id_jornada) VALUES (21, 7021);
INSERT INTO JefeLaboratorioOrganizaJornadasDeVacunacion (id_jefe, id_jornada) VALUES (22, 7022);
INSERT INTO JefeLaboratorioOrganizaJornadasDeVacunacion (id_jefe, id_jornada) VALUES (23, 7023);
INSERT INTO JefeLaboratorioOrganizaJornadasDeVacunacion (id_jefe, id_jornada) VALUES (24, 7024);
INSERT INTO JefeLaboratorioOrganizaJornadasDeVacunacion (id_jefe, id_jornada) VALUES (25, 7025);
INSERT INTO JefeLaboratorioOrganizaJornadasDeVacunacion (id_jefe, id_jornada) VALUES (26, 7026);
INSERT INTO JefeLaboratorioOrganizaJornadasDeVacunacion (id_jefe, id_jornada) VALUES (27, 7027);
INSERT INTO JefeLaboratorioOrganizaJornadasDeVacunacion (id_jefe, id_jornada) VALUES (28, 7028);
INSERT INTO JefeLaboratorioOrganizaJornadasDeVacunacion (id_jefe, id_jornada) VALUES (29, 7029);
INSERT INTO JefeLaboratorioOrganizaJornadasDeVacunacion (id_jefe, id_jornada) VALUES (30, 7030);
INSERT INTO JefeLaboratorioOrganizaJornadasDeVacunacion (id_jefe, id_jornada) VALUES (31, 7031);
INSERT INTO JefeLaboratorioOrganizaJornadasDeVacunacion (id_jefe, id_jornada) VALUES (32, 7032);
INSERT INTO JefeLaboratorioOrganizaJornadasDeVacunacion (id_jefe, id_jornada) VALUES (33, 7033);
INSERT INTO JefeLaboratorioOrganizaJornadasDeVacunacion (id_jefe, id_jornada) VALUES (34, 7034);
INSERT INTO JefeLaboratorioOrganizaJornadasDeVacunacion (id_jefe, id_jornada) VALUES (35, 7035);
INSERT INTO JefeLaboratorioOrganizaJornadasDeVacunacion (id_jefe, id_jornada) VALUES (36, 7036);
INSERT INTO JefeLaboratorioOrganizaJornadasDeVacunacion (id_jefe, id_jornada) VALUES (37, 7037);
INSERT INTO JefeLaboratorioOrganizaJornadasDeVacunacion (id_jefe, id_jornada) VALUES (38, 7038);
INSERT INTO JefeLaboratorioOrganizaJornadasDeVacunacion (id_jefe, id_jornada) VALUES (39, 7039);
INSERT INTO JefeLaboratorioOrganizaJornadasDeVacunacion (id_jefe, id_jornada) VALUES (40, 7040);
INSERT INTO JefeLaboratorioOrganizaJornadasDeVacunacion (id_jefe, id_jornada) VALUES (41, 7041);
INSERT INTO JefeLaboratorioOrganizaJornadasDeVacunacion (id_jefe, id_jornada) VALUES (42, 7042);
INSERT INTO JefeLaboratorioOrganizaJornadasDeVacunacion (id_jefe, id_jornada) VALUES (43, 7043);
INSERT INTO JefeLaboratorioOrganizaJornadasDeVacunacion (id_jefe, id_jornada) VALUES (44, 7044);
INSERT INTO JefeLaboratorioOrganizaJornadasDeVacunacion (id_jefe, id_jornada) VALUES (45, 7045);
INSERT INTO JefeLaboratorioOrganizaJornadasDeVacunacion (id_jefe, id_jornada) VALUES (46, 7046);
INSERT INTO JefeLaboratorioOrganizaJornadasDeVacunacion (id_jefe, id_jornada) VALUES (47, 7047);
INSERT INTO JefeLaboratorioOrganizaJornadasDeVacunacion (id_jefe, id_jornada) VALUES (48, 7048);
INSERT INTO JefeLaboratorioOrganizaJornadasDeVacunacion (id_jefe, id_jornada) VALUES (49, 7049);
INSERT INTO JefeLaboratorioOrganizaJornadasDeVacunacion (id_jefe, id_jornada) VALUES (50, 7050);




INSERT INTO JefeDeLaboratorioRealizaPruebaDeLaboratorio (id_prueba, id_jefe) VALUES (10001, 1);
INSERT INTO JefeDeLaboratorioRealizaPruebaDeLaboratorio (id_prueba, id_jefe) VALUES (10002, 2);
INSERT INTO JefeDeLaboratorioRealizaPruebaDeLaboratorio (id_prueba, id_jefe) VALUES (10003, 3);
INSERT INTO JefeDeLaboratorioRealizaPruebaDeLaboratorio (id_prueba, id_jefe) VALUES (10004, 4);
INSERT INTO JefeDeLaboratorioRealizaPruebaDeLaboratorio (id_prueba, id_jefe) VALUES (10005, 5);
INSERT INTO JefeDeLaboratorioRealizaPruebaDeLaboratorio (id_prueba, id_jefe) VALUES (10006, 6);
INSERT INTO JefeDeLaboratorioRealizaPruebaDeLaboratorio (id_prueba, id_jefe) VALUES (10007, 7);
INSERT INTO JefeDeLaboratorioRealizaPruebaDeLaboratorio (id_prueba, id_jefe) VALUES (10008, 8);
INSERT INTO JefeDeLaboratorioRealizaPruebaDeLaboratorio (id_prueba, id_jefe) VALUES (10009, 9);
INSERT INTO JefeDeLaboratorioRealizaPruebaDeLaboratorio (id_prueba, id_jefe) VALUES (10010, 10);
INSERT INTO JefeDeLaboratorioRealizaPruebaDeLaboratorio (id_prueba, id_jefe) VALUES (10011, 11);
INSERT INTO JefeDeLaboratorioRealizaPruebaDeLaboratorio (id_prueba, id_jefe) VALUES (10012, 12);
INSERT INTO JefeDeLaboratorioRealizaPruebaDeLaboratorio (id_prueba, id_jefe) VALUES (10013, 13);
INSERT INTO JefeDeLaboratorioRealizaPruebaDeLaboratorio (id_prueba, id_jefe) VALUES (10014, 14);
INSERT INTO JefeDeLaboratorioRealizaPruebaDeLaboratorio (id_prueba, id_jefe) VALUES (10015, 15);
INSERT INTO JefeDeLaboratorioRealizaPruebaDeLaboratorio (id_prueba, id_jefe) VALUES (10016, 16);
INSERT INTO JefeDeLaboratorioRealizaPruebaDeLaboratorio (id_prueba, id_jefe) VALUES (10017, 17);
INSERT INTO JefeDeLaboratorioRealizaPruebaDeLaboratorio (id_prueba, id_jefe) VALUES (10018, 18);
INSERT INTO JefeDeLaboratorioRealizaPruebaDeLaboratorio (id_prueba, id_jefe) VALUES (10019, 19);
INSERT INTO JefeDeLaboratorioRealizaPruebaDeLaboratorio (id_prueba, id_jefe) VALUES (10020, 20);
INSERT INTO JefeDeLaboratorioRealizaPruebaDeLaboratorio (id_prueba, id_jefe) VALUES (10021, 21);
INSERT INTO JefeDeLaboratorioRealizaPruebaDeLaboratorio (id_prueba, id_jefe) VALUES (10022, 22);
INSERT INTO JefeDeLaboratorioRealizaPruebaDeLaboratorio (id_prueba, id_jefe) VALUES (10023, 23);
INSERT INTO JefeDeLaboratorioRealizaPruebaDeLaboratorio (id_prueba, id_jefe) VALUES (10024, 24);
INSERT INTO JefeDeLaboratorioRealizaPruebaDeLaboratorio (id_prueba, id_jefe) VALUES (10025, 25);
INSERT INTO JefeDeLaboratorioRealizaPruebaDeLaboratorio (id_prueba, id_jefe) VALUES (10026, 26);
INSERT INTO JefeDeLaboratorioRealizaPruebaDeLaboratorio (id_prueba, id_jefe) VALUES (10027, 27);
INSERT INTO JefeDeLaboratorioRealizaPruebaDeLaboratorio (id_prueba, id_jefe) VALUES (10028, 28);
INSERT INTO JefeDeLaboratorioRealizaPruebaDeLaboratorio (id_prueba, id_jefe) VALUES (10029, 29);
INSERT INTO JefeDeLaboratorioRealizaPruebaDeLaboratorio (id_prueba, id_jefe) VALUES (10030, 30);
INSERT INTO JefeDeLaboratorioRealizaPruebaDeLaboratorio (id_prueba, id_jefe) VALUES (10031, 31);
INSERT INTO JefeDeLaboratorioRealizaPruebaDeLaboratorio (id_prueba, id_jefe) VALUES (10032, 32);
INSERT INTO JefeDeLaboratorioRealizaPruebaDeLaboratorio (id_prueba, id_jefe) VALUES (10033, 33);
INSERT INTO JefeDeLaboratorioRealizaPruebaDeLaboratorio (id_prueba, id_jefe) VALUES (10034, 34);
INSERT INTO JefeDeLaboratorioRealizaPruebaDeLaboratorio (id_prueba, id_jefe) VALUES (10035, 35);
INSERT INTO JefeDeLaboratorioRealizaPruebaDeLaboratorio (id_prueba, id_jefe) VALUES (10036, 36);
INSERT INTO JefeDeLaboratorioRealizaPruebaDeLaboratorio (id_prueba, id_jefe) VALUES (10037, 37);
INSERT INTO JefeDeLaboratorioRealizaPruebaDeLaboratorio (id_prueba, id_jefe) VALUES (10038, 38);
INSERT INTO JefeDeLaboratorioRealizaPruebaDeLaboratorio (id_prueba, id_jefe) VALUES (10039, 39);
INSERT INTO JefeDeLaboratorioRealizaPruebaDeLaboratorio (id_prueba, id_jefe) VALUES (10040, 40);
INSERT INTO JefeDeLaboratorioRealizaPruebaDeLaboratorio (id_prueba, id_jefe) VALUES (10041, 41);
INSERT INTO JefeDeLaboratorioRealizaPruebaDeLaboratorio (id_prueba, id_jefe) VALUES (10042, 42);
INSERT INTO JefeDeLaboratorioRealizaPruebaDeLaboratorio (id_prueba, id_jefe) VALUES (10043, 43);
INSERT INTO JefeDeLaboratorioRealizaPruebaDeLaboratorio (id_prueba, id_jefe) VALUES (10044, 44);
INSERT INTO JefeDeLaboratorioRealizaPruebaDeLaboratorio (id_prueba, id_jefe) VALUES (10045, 45);
INSERT INTO JefeDeLaboratorioRealizaPruebaDeLaboratorio (id_prueba, id_jefe) VALUES (10046, 46);
INSERT INTO JefeDeLaboratorioRealizaPruebaDeLaboratorio (id_prueba, id_jefe) VALUES (10047, 47);
INSERT INTO JefeDeLaboratorioRealizaPruebaDeLaboratorio (id_prueba, id_jefe) VALUES (10048, 48);
INSERT INTO JefeDeLaboratorioRealizaPruebaDeLaboratorio (id_prueba, id_jefe) VALUES (10049, 49);
INSERT INTO JefeDeLaboratorioRealizaPruebaDeLaboratorio (id_prueba, id_jefe) VALUES (10050, 50);

